_id,infectSource,passWay,dailyPic,summary,countRemark,confirmedCount,suspectedCount,curedCount,deadCount,virus,remark1,remark2,remark3,remark4,remark5,generalRemark,abroadRemark,updateTime
5e34b2fe15f305a6b0de0f0f,野生动物，可能为中华菊头蝠,经呼吸道飞沫传播，亦可通过接触传播,https://img1.dxycdn.com/2020/0131/475/3394029770349575031-73.jpg,,,9821,15238,214,213,新型冠状病毒 2019-nCoV,易感人群: 人群普遍易感。老年人及有基础疾病者感染后病情较重，儿童及婴幼儿也有发病,潜伏期: 一般为 3~7 天，最长不超过 14 天，潜伏期内存在传染性,,,,疑似病例数来自国家卫健委数据，目前为全国数据，未分省市自治区等,,1580511997739
5e343cf90f61e083094c0965,野生动物，可能为中华菊头蝠,经呼吸道飞沫传播，亦可通过接触传播,https://img1.dxycdn.com/2020/0131/475/3394029770349575031-73.jpg,,,9811,15238,214,213,新型冠状病毒 2019-nCoV,易感人群: 人群普遍易感。老年人及有基础疾病者感染后病情较重，儿童及婴幼儿也有发病,潜伏期: 一般为 3~7 天，最长不超过 14 天，潜伏期内存在传染性,,,,疑似病例数来自国家卫健委数据，目前为全国数据，未分省市自治区等,,1580481785199
5e342af60c6cbdd5bca6619e,野生动物，可能为中华菊头蝠,经呼吸道飞沫传播，亦可通过接触传播,https://img1.dxycdn.com/2020/0131/475/3394029770349575031-73.jpg,,,9811,15238,211,213,新型冠状病毒 2019-nCoV,易感人群: 人群普遍易感。老年人及有基础疾病者感染后病情较重，儿童及婴幼儿也有发病,潜伏期: 一般为 3~7 天，最长不超过 14 天，潜伏期内存在传染性,,,,疑似病例数来自国家卫健委数据，目前为全国数据，未分省市自治区等,,1580477174123
5e3428760c6cbdd5bca6619a,野生动物，可能为中华菊头蝠,经呼吸道飞沫传播，亦可通过接触传播,https://img1.dxycdn.com/2020/0131/475/3394029770349575031-73.jpg,,,9811,15238,210,213,新型冠状病毒 2019-nCoV,易感人群: 人群普遍易感。老年人及有基础疾病者感染后病情较重，儿童及婴幼儿也有发病,潜伏期: 一般为 3~7 天，最长不超过 14 天，潜伏期内存在传染性,,,,疑似病例数来自国家卫健委数据，目前为全国数据，未分省市自治区等,,1580476534664
5e3425670c6cbdd5bca66195,野生动物，可能为中华菊头蝠,经呼吸道飞沫传播，亦可通过接触传播,https://img1.dxycdn.com/2020/0131/475/3394029770349575031-73.jpg,,,9811,15238,205,213,新型冠状病毒 2019-nCoV,易感人群: 人群普遍易感。老年人及有基础疾病者感染后病情较重，儿童及婴幼儿也有发病,潜伏期: 一般为 3~7 天，最长不超过 14 天，潜伏期内存在传染性,,,,疑似病例数来自国家卫健委数据，目前为全国数据，未分省市自治区等,,1580475750777
5e3425220c6cbdd5bca66192,野生动物，可能为中华菊头蝠,经呼吸道飞沫传播，亦可通过接触传播,https://img1.dxycdn.com/2020/0131/475/3394029770349575031-73.jpg,,,9811,15238,185,213,新型冠状病毒 2019-nCoV,易感人群: 人群普遍易感。老年人及有基础疾病者感染后病情较重，儿童及婴幼儿也有发病,潜伏期: 一般为 3~7 天，最长不超过 14 天，潜伏期内存在传染性,,,,疑似病例数来自国家卫健委数据，目前为全国数据，未分省市自治区等,,1580475682102
5e3424db0c6cbdd5bca66191,野生动物，可能为中华菊头蝠,经呼吸道飞沫传播，亦可通过接触传播,https://img1.dxycdn.com/2020/0131/475/3394029770349575031-73.jpg,,,9811,15238,186,213,新型冠状病毒 2019-nCoV,易感人群: 人群普遍易感。老年人及有基础疾病者感染后病情较重，儿童及婴幼儿也有发病,潜伏期: 一般为 3~7 天，最长不超过 14 天，潜伏期内存在传染性,,,,疑似病例数来自国家卫健委数据，目前为全国数据，未分省市自治区等,,1580475611737
5e341eb70c6cbdd5bca6618b,野生动物，可能为中华菊头蝠,经呼吸道飞沫传播，亦可通过接触传播,https://img1.dxycdn.com/2020/0131/475/3394029770349575031-73.jpg,,,9810,15238,185,213,新型冠状病毒 2019-nCoV,易感人群: 人群普遍易感。老年人及有基础疾病者感染后病情较重，儿童及婴幼儿也有发病,潜伏期: 一般为 3~7 天，最长不超过 14 天，潜伏期内存在传染性,,,,疑似病例数来自国家卫健委数据，目前为全国数据，未分省市自治区等,,1580474039008
5e341afc0c6cbdd5bca66188,野生动物，可能为中华菊头蝠,经呼吸道飞沫传播，亦可通过接触传播,https://img1.dxycdn.com/2020/0131/475/3394029770349575031-73.jpg,,,9810,15238,182,213,新型冠状病毒 2019-nCoV,易感人群: 人群普遍易感。老年人及有基础疾病者感染后病情较重，儿童及婴幼儿也有发病,潜伏期: 一般为 3~7 天，最长不超过 14 天，潜伏期内存在传染性,,,,疑似病例数来自国家卫健委数据，目前为全国数据，未分省市自治区等,,1580473084512
5e3408730c6cbdd5bca6617d,野生动物，可能为中华菊头蝠,经呼吸道飞沫传播，亦可通过接触传播,https://img1.dxycdn.com/2020/0131/475/3394029770349575031-73.jpg,,,9810,15238,181,213,新型冠状病毒 2019-nCoV,易感人群: 人群普遍易感。老年人及有基础疾病者感染后病情较重，儿童及婴幼儿也有发病,潜伏期: 一般为 3~7 天，最长不超过 14 天，潜伏期内存在传染性,,,,疑似病例数来自国家卫健委数据，目前为全国数据，未分省市自治区等,,1580468339474
5e33f4120c6cbdd5bca6616e,野生动物，可能为中华菊头蝠,经呼吸道飞沫传播，亦可通过接触传播,https://img1.dxycdn.com/2020/0131/463/3393959186856737012-73.jpg,,,9810,15238,181,213,新型冠状病毒 2019-nCoV,易感人群: 人群普遍易感。老年人及有基础疾病者感染后病情较重，儿童及婴幼儿也有发病,潜伏期: 一般为 3~7 天，最长不超过 14 天，潜伏期内存在传染性,,,,疑似病例数来自国家卫健委数据，目前为全国数据，未分省市自治区等,,1580463122175
5e33ed270c6cbdd5bca66167,野生动物，可能为中华菊头蝠,经呼吸道飞沫传播，亦可通过接触传播,https://img1.dxycdn.com/2020/0131/463/3393959186856737012-73.jpg,,,9810,15238,180,213,新型冠状病毒 2019-nCoV,易感人群: 人群普遍易感。老年人及有基础疾病者感染后病情较重，儿童及婴幼儿也有发病,潜伏期: 一般为 3~7 天，最长不超过 14 天，潜伏期内存在传染性,,,,疑似病例数来自国家卫健委数据，目前为全国数据，未分省市自治区等,,1580461351443
5e33ebc90c6cbdd5bca66163,野生动物，可能为中华菊头蝠,经呼吸道飞沫传播，亦可通过接触传播,https://img1.dxycdn.com/2020/0131/463/3393959186856737012-73.jpg,,,9809,15238,180,213,新型冠状病毒 2019-nCoV,易感人群: 人群普遍易感。老年人及有基础疾病者感染后病情较重，儿童及婴幼儿也有发病,潜伏期: 一般为 3~7 天，最长不超过 14 天，潜伏期内存在传染性,,,,疑似病例数来自国家卫健委数据，目前为全国数据，未分省市自治区等,,1580461001086
5e33eab10c6cbdd5bca6615f,野生动物，可能为中华菊头蝠,经呼吸道飞沫传播，亦可通过接触传播,https://img1.dxycdn.com/2020/0131/463/3393959186856737012-73.jpg,,,9795,15238,180,213,新型冠状病毒 2019-nCoV,易感人群: 人群普遍易感。老年人及有基础疾病者感染后病情较重，儿童及婴幼儿也有发病,潜伏期: 一般为 3~7 天，最长不超过 14 天，潜伏期内存在传染性,,,,疑似病例数来自国家卫健委数据，目前为全国数据，未分省市自治区等,,1580460721521
5e33e32b0c6cbdd5bca66157,野生动物，可能为中华菊头蝠,经呼吸道飞沫传播，亦可通过接触传播,https://img1.dxycdn.com/2020/0131/463/3393959186856737012-73.jpg,,,9745,15238,178,213,新型冠状病毒 2019-nCoV,易感人群: 人群普遍易感。老年人及有基础疾病者感染后病情较重，儿童及婴幼儿也有发病,潜伏期: 一般为 3~7 天，最长不超过 14 天，潜伏期内存在传染性,,,,疑似病例数来自国家卫健委数据，目前为全国数据，未分省市自治区等,,1580458795096
5e33de590c6cbdd5bca66151,野生动物，可能为中华菊头蝠,经呼吸道飞沫传播，亦可通过接触传播,https://img1.dxycdn.com/2020/0131/463/3393959186856737012-73.jpg,,,9745,15238,177,213,新型冠状病毒 2019-nCoV,易感人群: 人群普遍易感。老年人及有基础疾病者感染后病情较重，儿童及婴幼儿也有发病,潜伏期: 一般为 3~7 天，最长不超过 14 天，潜伏期内存在传染性,,,,疑似病例数来自国家卫健委数据，目前为全国数据，未分省市自治区等,,1580457561022
5e33dc370c6cbdd5bca66150,野生动物，可能为中华菊头蝠,经呼吸道飞沫传播，亦可通过接触传播,https://img1.dxycdn.com/2020/0131/463/3393959186856737012-73.jpg,,,9742,15238,176,213,新型冠状病毒 2019-nCoV,易感人群: 人群普遍易感。老年人及有基础疾病者感染后病情较重，儿童及婴幼儿也有发病,潜伏期: 一般为 3~7 天，最长不超过 14 天，潜伏期内存在传染性,,,,疑似病例数来自国家卫健委数据，目前为全国数据，未分省市自治区等,,1580457014907
5e33d5c50c6cbdd5bca6614b,野生动物，可能为中华菊头蝠,经呼吸道飞沫传播，亦可通过接触传播,https://img1.dxycdn.com/2020/0131/463/3393959186856737012-73.jpg,,,9737,15238,176,213,新型冠状病毒 2019-nCoV,易感人群: 人群普遍易感。老年人及有基础疾病者感染后病情较重，儿童及婴幼儿也有发病,潜伏期: 一般为 3~7 天，最长不超过 14 天，潜伏期内存在传染性,,,,疑似病例数来自国家卫健委数据，目前为全国数据，未分省市自治区等,,1580455365533
5e33bd2b0c6cbdd5bca66128,野生动物，可能为中华菊头蝠,经呼吸道飞沫传播，亦可通过接触传播,https://img1.dxycdn.com/2020/0131/463/3393959186856737012-73.jpg,,,9731,15238,176,213,新型冠状病毒 2019-nCoV,易感人群: 人群普遍易感。老年人及有基础疾病者感染后病情较重，儿童及婴幼儿也有发病,潜伏期: 一般为 3~7 天，最长不超过 14 天，潜伏期内存在传染性,,,,疑似病例数来自国家卫健委数据，目前为全国数据，未分省市自治区等,,1580449067208
5e33b5190c6cbdd5bca66106,野生动物，可能为中华菊头蝠,经呼吸道飞沫传播，亦可通过接触传播,https://img1.dxycdn.com/2020/0131/463/3393959186856737012-73.jpg,,,9724,15238,176,213,新型冠状病毒 2019-nCoV,易感人群: 人群普遍易感。老年人及有基础疾病者感染后病情较重，儿童及婴幼儿也有发病,潜伏期: 一般为 3~7 天，最长不超过 14 天，潜伏期内存在传染性,,,,疑似病例数来自国家卫健委数据，目前为全国数据，未分省市自治区等,,1580447001743
5e33ab360c6cbdd5bca660f9,野生动物，可能为中华菊头蝠,经呼吸道飞沫传播，亦可通过接触传播,https://img1.dxycdn.com/2020/0131/463/3393959186856737012-73.jpg,,,9720,15238,176,213,新型冠状病毒 2019-nCoV,易感人群: 人群普遍易感。老年人及有基础疾病者感染后病情较重，儿童及婴幼儿也有发病,潜伏期: 一般为 3~7 天，最长不超过 14 天，潜伏期内存在传染性,,,,疑似病例数来自国家卫健委数据，目前为全国数据，未分省市自治区等,,1580444470110
5e33aaf30c6cbdd5bca660f7,野生动物，可能为中华菊头蝠,经呼吸道飞沫传播，亦可通过接触传播,https://img1.dxycdn.com/2020/0131/463/3393959186856737012-73.jpg,,,9704,15238,176,213,新型冠状病毒 2019-nCoV,易感人群: 人群普遍易感。老年人及有基础疾病者感染后病情较重，儿童及婴幼儿也有发病,潜伏期: 一般为 3~7 天，最长不超过 14 天，潜伏期内存在传染性,,,,疑似病例数来自国家卫健委数据，目前为全国数据，未分省市自治区等,,1580444403528
5e339c670c6cbdd5bca660e9,野生动物，可能为中华菊头蝠,经呼吸道飞沫传播，亦可通过接触传播,https://img1.dxycdn.com/2020/0131/463/3393959186856737012-73.jpg,,,9685,15238,176,213,新型冠状病毒 2019-nCoV,易感人群: 人群普遍易感。老年人及有基础疾病者感染后病情较重，儿童及婴幼儿也有发病,潜伏期: 一般为 3~7 天，最长不超过 14 天，潜伏期内存在传染性,,,,疑似病例数来自国家卫健委数据，目前为全国数据，未分省市自治区等,,1580440679764
5e3388030c6cbdd5bca660c7,野生动物，可能为中华菊头蝠,经呼吸道飞沫传播，亦可通过接触传播,https://img1.dxycdn.com/2020/0131/463/3393959186856737012-73.jpg,,,9720,15238,171,213,新型冠状病毒 2019-nCoV,易感人群: 人群普遍易感。老年人及有基础疾病者感染后病情较重，儿童及婴幼儿也有发病,潜伏期: 一般为 3~7 天，最长不超过 14 天，潜伏期内存在传染性,,,,疑似病例数来自国家卫健委数据，目前为全国数据，未分省市自治区等,,1580435458926
5e33708a0c6cbdd5bca66092,野生动物，可能为中华菊头蝠,经呼吸道飞沫传播，亦可通过接触传播,https://img1.dxycdn.com/2020/0130/124/3393775338634369056-73.jpg,,,9720,15238,171,213,新型冠状病毒 2019-nCoV,易感人群: 人群普遍易感。老年人及有基础疾病者感染后病情较重，儿童及婴幼儿也有发病,潜伏期: 一般为 3~7 天，最长不超过 14 天，潜伏期内存在传染性,,,,疑似病例数来自国家卫健委数据，目前为全国数据，未分省市自治区等,,1580429450652
5e3366670c6cbdd5bca66080,野生动物，可能为中华菊头蝠,经呼吸道飞沫传播，亦可通过接触传播,https://img1.dxycdn.com/2020/0130/124/3393775338634369056-73.jpg,,,9066,12167,162,213,新型冠状病毒 2019-nCoV,易感人群: 人群普遍易感。老年人及有基础疾病者感染后病情较重，儿童及婴幼儿也有发病,潜伏期: 一般为 3~7 天，最长不超过 14 天，潜伏期内存在传染性,,,,疑似病例数来自国家卫健委数据，目前为全国数据，未分省市自治区等,,1580426854948
5e330a3d0c6cbdd5bca66067,野生动物，可能为中华菊头蝠,经呼吸道飞沫传播，亦可通过接触传播,https://img1.dxycdn.com/2020/0130/124/3393775338634369056-73.jpg,,,8163,12167,136,171,新型冠状病毒 2019-nCoV,易感人群: 人群普遍易感。老年人及有基础疾病者感染后病情较重，儿童及婴幼儿也有发病,潜伏期: 一般为 3~7 天，最长不超过 14 天，潜伏期内存在传染性,,,,疑似病例数来自国家卫健委数据，目前为全国数据，未分省市自治区等,,1580403260975
5e330281581c9f5b3f3547c0,野生动物，可能为中华菊头蝠,经呼吸道飞沫传播，亦可通过接触传播,https://img1.dxycdn.com/2020/0130/124/3393775338634369056-73.jpg,,,8156,12167,135,171,新型冠状病毒 2019-nCoV,易感人群: 人群普遍易感。老年人及有基础疾病者感染后病情较重，儿童及婴幼儿也有发病,潜伏期: 一般为 3~7 天，最长不超过 14 天，潜伏期内存在传染性,,,,疑似病例数来自国家卫健委数据，目前为全国数据，未分省市自治区等,,1580401281496
5e32feba581c9f5b3f3547ba,野生动物，可能为中华菊头蝠,经呼吸道飞沫传播，亦可通过接触传播,https://img1.dxycdn.com/2020/0130/124/3393775338634369056-73.jpg,,,8150,12167,135,171,新型冠状病毒 2019-nCoV,易感人群: 人群普遍易感。老年人及有基础疾病者感染后病情较重，儿童及婴幼儿也有发病,潜伏期: 一般为 3~7 天，最长不超过 14 天，潜伏期内存在传染性,,,,疑似病例数来自国家卫健委数据，目前为全国数据，未分省市自治区等,,1580400314266
5e32f18b42f563465586ccf7,野生动物，可能为中华菊头蝠,经呼吸道飞沫传播，亦可通过接触传播,https://img1.dxycdn.com/2020/0130/124/3393775338634369056-73.jpg,,,8149,12167,135,171,新型冠状病毒 2019-nCoV,易感人群: 人群普遍易感。老年人及有基础疾病者感染后病情较重，儿童及婴幼儿也有发病,潜伏期: 一般为 3~7 天，最长不超过 14 天，潜伏期内存在传染性,,,,疑似病例数来自国家卫健委数据，目前为全国数据，未分省市自治区等,,1580396939195
5e32f09942f563465586ccf3,野生动物，可能为中华菊头蝠,经呼吸道飞沫传播，亦可通过接触传播,https://img1.dxycdn.com/2020/0130/124/3393775338634369056-73.jpg,,,8148,12167,135,171,新型冠状病毒 2019-nCoV,易感人群: 人群普遍易感。老年人及有基础疾病者感染后病情较重，儿童及婴幼儿也有发病,潜伏期: 一般为 3~7 天，最长不超过 14 天，潜伏期内存在传染性,,,,疑似病例数来自国家卫健委数据，目前为全国数据，未分省市自治区等,,1580396697194
5e32e72542f563465586ccec,野生动物，可能为中华菊头蝠,经呼吸道飞沫传播，亦可通过接触传播,https://img1.dxycdn.com/2020/0130/124/3393775338634369056-73.jpg,,,8147,12167,135,170,新型冠状病毒 2019-nCoV,易感人群: 人群普遍易感。老年人及有基础疾病者感染后病情较重，儿童及婴幼儿也有发病,潜伏期: 一般为 3~7 天，最长不超过 14 天，潜伏期内存在传染性,,,,疑似病例数来自国家卫健委数据，目前为全国数据，未分省市自治区等,,1580394277371
5e32d43942f563465586ccdc,野生动物，可能为中华菊头蝠,经呼吸道飞沫传播，亦可通过接触传播,https://img1.dxycdn.com/2020/0130/124/3393775338634369056-73.jpg,,,7830,12167,135,170,新型冠状病毒 2019-nCoV,易感人群: 人群普遍易感。老年人及有基础疾病者感染后病情较重，儿童及婴幼儿也有发病,潜伏期: 一般为 3~7 天，最长不超过 14 天，潜伏期内存在传染性,,,,疑似病例数来自国家卫健委数据，目前为全国数据，未分省市自治区等,,1580389433738
5e32c6fe42f563465586ccda,野生动物，可能为中华菊头蝠,经呼吸道飞沫传播，亦可通过接触传播,https://img1.dxycdn.com/2020/0130/124/3393775338634369056-73.jpg,,,7830,12139,135,170,新型冠状病毒 2019-nCoV,易感人群: 人群普遍易感。老年人及有基础疾病者感染后病情较重，儿童及婴幼儿也有发病,潜伏期: 一般为 3~7 天，最长不超过 14 天，潜伏期内存在传染性,,,,疑似病例数来自国家卫健委数据，目前为全国数据，未分省市自治区等,,1580386046695
5e32bd1242f563465586ccd3,野生动物，可能为中华菊头蝠,经呼吸道飞沫传播，亦可通过接触传播,https://img1.dxycdn.com/2020/0130/124/3393775338634369056-73.jpg,,,7830,12139,133,170,新型冠状病毒 2019-nCoV,易感人群: 人群普遍易感。老年人及有基础疾病者感染后病情较重，儿童及婴幼儿也有发病,潜伏期: 一般为 3~7 天，最长不超过 14 天，潜伏期内存在传染性,,,,疑似病例数来自国家卫健委数据，目前为全国数据，未分省市自治区等,,1580383506136
5e32ae6d42f563465586cccb,野生动物，可能为中华菊头蝠,经呼吸道飞沫传播，亦可通过接触传播,https://img1.dxycdn.com/2020/0130/124/3393775338634369056-73.jpg,,,7828,12139,133,170,新型冠状病毒 2019-nCoV,易感人群: 人群普遍易感。老年人及有基础疾病者感染后病情较重，儿童及婴幼儿也有发病,潜伏期: 一般为 3~7 天，最长不超过 14 天，潜伏期内存在传染性,,,,疑似病例数来自国家卫健委数据，目前为全国数据，未分省市自治区等,,1580379757775
5e32a93c42f563465586ccc6,野生动物，可能为中华菊头蝠,经呼吸道飞沫传播，亦可通过接触传播,https://img1.dxycdn.com/2020/0130/124/3393775338634369056-73.jpg,,,7827,12139,133,170,新型冠状病毒 2019-nCoV,易感人群: 人群普遍易感。老年人及有基础疾病者感染后病情较重，儿童及婴幼儿也有发病,潜伏期: 一般为 3~7 天，最长不超过 14 天，潜伏期内存在传染性,,,,疑似病例数来自国家卫健委数据，目前为全国数据，未分省市自治区等,,1580378428363
5e32956142f563465586ccb9,野生动物，可能为中华菊头蝠,经呼吸道飞沫传播，亦可通过接触传播,https://img1.dxycdn.com/2020/0130/124/3393775338634369056-73.jpg,,,7826,12139,133,170,新型冠状病毒 2019-nCoV,易感人群: 人群普遍易感。老年人及有基础疾病者感染后病情较重，儿童及婴幼儿也有发病,潜伏期: 一般为 3~7 天，最长不超过 14 天，潜伏期内存在传染性,,,,疑似病例数来自国家卫健委数据，目前为全国数据，未分省市自治区等,,1580373345552
5e3294ac42f563465586ccb5,野生动物，可能为中华菊头蝠,经呼吸道飞沫传播，亦可通过接触传播,https://img1.dxycdn.com/2020/0130/124/3393775338634369056-73.jpg,,,7826,12139,132,170,新型冠状病毒 2019-nCoV,易感人群: 人群普遍易感。老年人及有基础疾病者感染后病情较重，儿童及婴幼儿也有发病,潜伏期: 一般为 3~7 天，最长不超过 14 天，潜伏期内存在传染性,,,,疑似病例数来自国家卫健委数据，目前为全国数据，未分省市自治区等,,1580373164082
5e32921242f563465586ccae,野生动物，可能为中华菊头蝠,经呼吸道飞沫传播，亦可通过接触传播,https://img1.dxycdn.com/2020/0130/124/3393775338634369056-73.jpg,,,7783,12139,132,170,新型冠状病毒 2019-nCoV,易感人群: 人群普遍易感。老年人及有基础疾病者感染后病情较重，儿童及婴幼儿也有发病,潜伏期: 一般为 3~7 天，最长不超过 14 天，潜伏期内存在传染性,,,,疑似病例数来自国家卫健委数据，目前为全国数据，未分省市自治区等,,1580372498200
5e32873442f563465586ccaa,野生动物，可能为中华菊头蝠,经呼吸道飞沫传播，亦可通过接触传播,https://img1.dxycdn.com/2020/0130/124/3393775338634369056-73.jpg,,,7766,12139,132,170,新型冠状病毒 2019-nCoV,易感人群: 人群普遍易感。老年人及有基础疾病者感染后病情较重，儿童及婴幼儿也有发病,潜伏期: 一般为 3~7 天，最长不超过 14 天，潜伏期内存在传染性,,,,疑似病例数来自国家卫健委数据，目前为全国数据，未分省市自治区等,,1580369716841
5e3277da42f563465586cc99,野生动物，可能为中华菊头蝠,经呼吸道飞沫传播，亦可通过接触传播,https://img1.dxycdn.com/2020/0130/124/3393775338634369056-73.jpg,,,7753,12139,132,170,新型冠状病毒 2019-nCoV,易感人群: 人群普遍易感。老年人及有基础疾病者感染后病情较重，儿童及婴幼儿也有发病,潜伏期: 一般为 3~7 天，最长不超过 14 天，潜伏期内存在传染性,,,,疑似病例数来自国家卫健委数据，目前为全国数据，未分省市自治区等,,1580365786582
5e32754142f563465586cc98,野生动物，可能为中华菊头蝠,经呼吸道飞沫传播，亦可通过接触传播,https://img1.dxycdn.com/2020/0130/124/3393775338634369056-73.jpg,,,7753,12139,131,170,新型冠状病毒 2019-nCoV,易感人群: 人群普遍易感。老年人及有基础疾病者感染后病情较重，儿童及婴幼儿也有发病,潜伏期: 一般为 3~7 天，最长不超过 14 天，潜伏期内存在传染性,,,,疑似病例数来自国家卫健委数据，目前为全国数据，未分省市自治区等,,1580365120955
5e3264f342f563465586cc88,野生动物，可能为中华菊头蝠,经呼吸道飞沫传播，亦可通过接触传播,https://img1.dxycdn.com/2020/0130/124/3393775338634369056-73.jpg,,,7742,12167,131,170,新型冠状病毒 2019-nCoV,易感人群: 人群普遍易感。老年人及有基础疾病者感染后病情较重，儿童及婴幼儿也有发病,潜伏期: 一般为 3~7 天，最长不超过 14 天，潜伏期内存在传染性,,,,疑似病例数来自国家卫健委数据，目前为全国数据，未分省市自治区等,,1580360947604
5e3260b342f563465586cc7f,野生动物，可能为中华菊头蝠,经呼吸道飞沫传播，亦可通过接触传播,https://img1.dxycdn.com/2020/0130/124/3393775338634369056-73.jpg,,,7742,12167,130,170,新型冠状病毒 2019-nCoV,易感人群: 人群普遍易感。老年人及有基础疾病者感染后病情较重，儿童及婴幼儿也有发病,潜伏期: 一般为 3~7 天，最长不超过 14 天，潜伏期内存在传染性,,,,疑似病例数来自国家卫健委数据，目前为全国数据，未分省市自治区等,,1580359859565
5e32552242f563465586cc69,野生动物，可能为中华菊头蝠,经呼吸道飞沫传播，亦可通过接触传播,https://img1.dxycdn.com/2020/0130/124/3393775338634369056-73.jpg,,,7737,12167,128,170,新型冠状病毒 2019-nCoV,易感人群: 人群普遍易感。老年人及有基础疾病者感染后病情较重，儿童及婴幼儿也有发病,潜伏期: 一般为 3~7 天，最长不超过 14 天，潜伏期内存在传染性,,,,疑似病例数来自国家卫健委数据，目前为全国数据，未分省市自治区等,,1580356898625
5e323aaa42f563465586cc52,野生动物，可能为中华菊头蝠,经呼吸道飞沫传播，亦可通过接触传播,https://img1.dxycdn.com/2020/0130/124/3393775338634369056-73.jpg,,,7736,12167,126,170,新型冠状病毒 2019-nCoV,易感人群: 人群普遍易感。老年人及有基础疾病者感染后病情较重，儿童及婴幼儿也有发病,潜伏期: 一般为 3~7 天，最长不超过 14 天，潜伏期内存在传染性,,,,疑似病例数来自国家卫健委数据，目前为全国数据，未分省市自治区等,,1580350122480
5e32397c42f563465586cc4c,野生动物，可能为中华菊头蝠,经呼吸道飞沫传播，亦可通过接触传播,https://img1.dxycdn.com/2020/0130/124/3393775338634369056-73.jpg,,,7736,12167,124,170,新型冠状病毒 2019-nCoV,易感人群: 人群普遍易感。老年人及有基础疾病者感染后病情较重，儿童及婴幼儿也有发病,潜伏期: 一般为 3~7 天，最长不超过 14 天，潜伏期内存在传染性,,,,疑似病例数来自国家卫健委数据，目前为全国数据，未分省市自治区等,,1580349819950
5e322e9c42f563465586cc2e,野生动物，可能为中华菊头蝠,经呼吸道飞沫传播，亦可通过接触传播,https://img1.dxycdn.com/2020/0130/177/3393769190388813782-73.jpg,,,7736,12167,124,170,新型冠状病毒 2019-nCoV,易感人群: 人群普遍易感。老年人及有基础疾病者感染后病情较重，儿童及婴幼儿也有发病,潜伏期: 一般为 3~7 天，最长不超过 14 天，潜伏期内存在传染性,,,,疑似病例数来自国家卫健委数据，目前为全国数据，未分省市自治区等,,1580347036578
5e3219d542f563465586cbf4,野生动物，可能为中华菊头蝠,经呼吸道飞沫传播，亦可通过接触传播,https://img1.dxycdn.com/2020/0129/301/3393675493529700277-73.png,,,7736,12167,124,170,新型冠状病毒 2019-nCoV,易感人群: 人群普遍易感。老年人及有基础疾病者感染后病情较重，儿童及婴幼儿也有发病,潜伏期: 一般为 3~7 天，最长不超过 14 天，潜伏期内存在传染性,,,,疑似病例数来自国家卫健委数据，目前为全国数据，未分省市自治区等,,1580341717135
5e32195c42f563465586cbf3,野生动物，可能为中华菊头蝠,经呼吸道飞沫传播，亦可通过接触传播,https://img1.dxycdn.com/2020/0129/301/3393675493529700277-73.png,,,7736,9239,124,170,新型冠状病毒 2019-nCoV,易感人群: 人群普遍易感。老年人及有基础疾病者感染后病情较重，儿童及婴幼儿也有发病,潜伏期: 一般为 3~7 天，最长不超过 14 天，潜伏期内存在传染性,,,,疑似病例数来自国家卫健委数据，目前为全国数据，未分省市自治区等,,1580341596093
5e3211cf42f563465586cbf0,野生动物，可能为中华菊头蝠,经呼吸道飞沫传播，亦可通过接触传播,https://img1.dxycdn.com/2020/0129/301/3393675493529700277-73.png,,,7206,9239,122,170,新型冠状病毒 2019-nCoV,易感人群: 人群普遍易感。老年人及有基础疾病者感染后病情较重，儿童及婴幼儿也有发病,潜伏期: 一般为 3~7 天，最长不超过 14 天，潜伏期内存在传染性,,,,疑似病例数来自国家卫健委数据，目前为全国数据，未分省市自治区等,,1580339663341
5e32106442f563465586cbeb,野生动物，可能为中华菊头蝠,经呼吸道飞沫传播，亦可通过接触传播,https://img1.dxycdn.com/2020/0129/301/3393675493529700277-73.png,,,6772,9239,120,133,新型冠状病毒 2019-nCoV,易感人群: 人群普遍易感。老年人及有基础疾病者感染后病情较重，儿童及婴幼儿也有发病,潜伏期: 一般为 3~7 天，最长不超过 14 天，潜伏期内存在传染性,,,,疑似病例数来自国家卫健委数据，目前为全国数据，未分省市自治区等,,1580339300707
5e31b2ae42f563465586cbd7,野生动物，可能为中华菊头蝠,经呼吸道飞沫传播，亦可通过接触传播,https://img1.dxycdn.com/2020/0129/301/3393675493529700277-73.png,,,6095,9239,120,133,新型冠状病毒 2019-nCoV,易感人群: 人群普遍易感。老年人及有基础疾病者感染后病情较重，儿童及婴幼儿也有发病,潜伏期: 一般为 3~7 天，最长不超过 14 天，潜伏期内存在传染性,,,,疑似病例数来自国家卫健委数据，目前为全国数据，未分省市自治区等,,1580315310914
5e31a53842f563465586cbd4,野生动物，可能为中华菊头蝠,经呼吸道飞沫传播，亦可通过接触传播,https://img1.dxycdn.com/2020/0129/301/3393675493529700277-73.png,,,6095,9239,119,133,新型冠状病毒 2019-nCoV,易感人群: 人群普遍易感。老年人及有基础疾病者感染后病情较重，儿童及婴幼儿也有发病,潜伏期: 一般为 3~7 天，最长不超过 14 天，潜伏期内存在传染性,,,,疑似病例数来自国家卫健委数据，目前为全国数据，未分省市自治区等,,1580311864208
5e319e5e42f563465586cbc8,野生动物，可能为中华菊头蝠,经呼吸道飞沫传播，亦可通过接触传播,https://img1.dxycdn.com/2020/0129/301/3393675493529700277-73.png,,,6086,9239,119,133,新型冠状病毒 2019-nCoV,易感人群: 人群普遍易感。老年人及有基础疾病者感染后病情较重，儿童及婴幼儿也有发病,潜伏期: 一般为 3~7 天，最长不超过 14 天，潜伏期内存在传染性,,,,疑似病例数来自国家卫健委数据，目前为全国数据，未分省市自治区等,,1580310110824
5e31907042f563465586cbbd,野生动物，可能为中华菊头蝠,经呼吸道飞沫传播，亦可通过接触传播,https://img1.dxycdn.com/2020/0129/301/3393675493529700277-73.png,,,6086,9239,119,132,新型冠状病毒 2019-nCoV,易感人群: 人群普遍易感。老年人及有基础疾病者感染后病情较重，儿童及婴幼儿也有发病,潜伏期: 一般为 3~7 天，最长不超过 14 天，潜伏期内存在传染性,,,,疑似病例数来自国家卫健委数据，目前为全国数据，未分省市自治区等,,1580306544203
5e31842842f563465586cbb6,野生动物，可能为中华菊头蝠,经呼吸道飞沫传播，亦可通过接触传播,https://img1.dxycdn.com/2020/0129/301/3393675493529700277-73.png,,,6086,9239,118,132,新型冠状病毒 2019-nCoV,易感人群: 人群普遍易感。老年人及有基础疾病者感染后病情较重，儿童及婴幼儿也有发病,潜伏期: 一般为 3~7 天，最长不超过 14 天，潜伏期内存在传染性,,,,疑似病例数来自国家卫健委数据，目前为全国数据，未分省市自治区等,,1580303400491
5e317b6b42f563465586cb9d,野生动物，可能为中华菊头蝠,经呼吸道飞沫传播，亦可通过接触传播,https://img1.dxycdn.com/2020/0129/166/3393609475587464636-73.png,,,6086,9239,118,132,新型冠状病毒 2019-nCoV,易感人群: 人群普遍易感。老年人及有基础疾病者感染后病情较重，儿童及婴幼儿也有发病,潜伏期: 一般为 3~7 天，最长不超过 14 天，潜伏期内存在传染性,,,,疑似病例数来自国家卫健委数据，目前为全国数据，未分省市自治区等,,1580301163300
5e3169b442f563465586cb95,野生动物，可能为中华菊头蝠,经呼吸道飞沫传播，亦可通过接触传播,https://img1.dxycdn.com/2020/0129/166/3393609475587464636-73.png,,,6086,9239,115,132,新型冠状病毒 2019-nCoV,易感人群: 人群普遍易感。老年人及有基础疾病者感染后病情较重，儿童及婴幼儿也有发病,潜伏期: 一般为 3~7 天，最长不超过 14 天，潜伏期内存在传染性,,,,疑似病例数来自国家卫健委数据，目前为全国数据，未分省市自治区等,,1580296628545
5e31688642f563465586cb90,野生动物，可能为中华菊头蝠,经呼吸道飞沫传播，亦可通过接触传播,https://img1.dxycdn.com/2020/0129/166/3393609475587464636-73.png,,,6085,9239,115,132,新型冠状病毒 2019-nCoV,易感人群: 人群普遍易感。老年人及有基础疾病者感染后病情较重，儿童及婴幼儿也有发病,潜伏期: 一般为 3~7 天，最长不超过 14 天，潜伏期内存在传染性,,,,疑似病例数来自国家卫健委数据，目前为全国数据，未分省市自治区等,,1580296326231
5e31622642f563465586cb8b,野生动物，可能为中华菊头蝠,经呼吸道飞沫传播，亦可通过接触传播,https://img1.dxycdn.com/2020/0129/166/3393609475587464636-73.png,,,6083,9239,115,132,新型冠状病毒 2019-nCoV,易感人群: 人群普遍易感。老年人及有基础疾病者感染后病情较重，儿童及婴幼儿也有发病,潜伏期: 一般为 3~7 天，最长不超过 14 天，潜伏期内存在传染性,,,,疑似病例数来自国家卫健委数据，目前为全国数据，未分省市自治区等,,1580294694302
5e31546f42f563465586cb82,野生动物，可能为中华菊头蝠,经呼吸道飞沫传播，亦可通过接触传播,https://img1.dxycdn.com/2020/0129/166/3393609475587464636-73.png,,,6078,9239,115,132,新型冠状病毒 2019-nCoV,易感人群: 人群普遍易感。老年人及有基础疾病者感染后病情较重，儿童及婴幼儿也有发病,潜伏期: 一般为 3~7 天，最长不超过 14 天，潜伏期内存在传染性,,,,疑似病例数来自国家卫健委数据，目前为全国数据，未分省市自治区等,,1580291183684
5e314c2642f563465586cb7c,野生动物，可能为中华菊头蝠,经呼吸道飞沫传播，亦可通过接触传播,https://img1.dxycdn.com/2020/0129/166/3393609475587464636-73.png,,,6078,9239,114,132,新型冠状病毒 2019-nCoV,易感人群: 人群普遍易感。老年人及有基础疾病者感染后病情较重，儿童及婴幼儿也有发病,潜伏期: 一般为 3~7 天，最长不超过 14 天，潜伏期内存在传染性,,,,疑似病例数来自国家卫健委数据，目前为全国数据，未分省市自治区等,,1580289062144
5e31414742f563465586cb76,野生动物，可能为中华菊头蝠,经呼吸道飞沫传播，亦可通过接触传播,https://img1.dxycdn.com/2020/0129/166/3393609475587464636-73.png,,,6074,9239,114,132,新型冠状病毒 2019-nCoV,易感人群: 人群普遍易感。老年人及有基础疾病者感染后病情较重，儿童及婴幼儿也有发病,潜伏期: 一般为 3~7 天，最长不超过 14 天，潜伏期内存在传染性,,,,疑似病例数来自国家卫健委数据，目前为全国数据，未分省市自治区等,,1580286278965
5e313aa942f563465586cb6f,野生动物，可能为中华菊头蝠,经呼吸道飞沫传播，亦可通过接触传播,https://img1.dxycdn.com/2020/0129/166/3393609475587464636-73.png,,,6043,9239,114,132,新型冠状病毒 2019-nCoV,易感人群: 人群普遍易感。老年人及有基础疾病者感染后病情较重，儿童及婴幼儿也有发病,潜伏期: 一般为 3~7 天，最长不超过 14 天，潜伏期内存在传染性,,,,疑似病例数来自国家卫健委数据，目前为全国数据，未分省市自治区等,,1580284585659
5e31397b42f563465586cb6b,野生动物，可能为中华菊头蝠,经呼吸道飞沫传播，亦可通过接触传播,https://img1.dxycdn.com/2020/0129/166/3393609475587464636-73.png,,,6043,9239,110,132,新型冠状病毒 2019-nCoV,易感人群: 人群普遍易感。老年人及有基础疾病者感染后病情较重，儿童及婴幼儿也有发病,潜伏期: 一般为 3~7 天，最长不超过 14 天，潜伏期内存在传染性,,,,疑似病例数来自国家卫健委数据，目前为全国数据，未分省市自治区等,,1580284283302
5e3131af42f563465586cb5d,野生动物，可能为中华菊头蝠,经呼吸道飞沫传播，亦可通过接触传播,https://img1.dxycdn.com/2020/0129/166/3393609475587464636-73.png,,,6041,9239,110,132,新型冠状病毒 2019-nCoV,易感人群: 人群普遍易感。老年人及有基础疾病者感染后病情较重，儿童及婴幼儿也有发病,潜伏期: 一般为 3~7 天，最长不超过 14 天，潜伏期内存在传染性,,,,疑似病例数来自国家卫健委数据，目前为全国数据，未分省市自治区等,,1580282287928
5e312c7e42f563465586cb53,野生动物，可能为中华菊头蝠,经呼吸道飞沫传播，亦可通过接触传播,https://img1.dxycdn.com/2020/0129/166/3393609475587464636-73.png,,,6016,9239,110,132,新型冠状病毒 2019-nCoV,易感人群: 人群普遍易感。老年人及有基础疾病者感染后病情较重，儿童及婴幼儿也有发病,潜伏期: 一般为 3~7 天，最长不超过 14 天，潜伏期内存在传染性,,,,疑似病例数来自国家卫健委数据，目前为全国数据，未分省市自治区等,,1580280957943
5e31265942f563465586cb4a,野生动物，可能为中华菊头蝠,经呼吸道飞沫传播，亦可通过接触传播,https://img1.dxycdn.com/2020/0129/166/3393609475587464636-73.png,,,6015,9239,110,132,新型冠状病毒 2019-nCoV,易感人群: 人群普遍易感。老年人及有基础疾病者感染后病情较重，儿童及婴幼儿也有发病,潜伏期: 一般为 3~7 天，最长不超过 14 天，潜伏期内存在传染性,,,,疑似病例数来自国家卫健委数据，目前为全国数据，未分省市自治区等,,1580279385669
5e31243a42f563465586cb45,野生动物，可能为中华菊头蝠,经呼吸道飞沫传播，亦可通过接触传播,https://img1.dxycdn.com/2020/0129/166/3393609475587464636-73.png,,,6014,9239,110,132,新型冠状病毒 2019-nCoV,易感人群: 人群普遍易感。老年人及有基础疾病者感染后病情较重，儿童及婴幼儿也有发病,潜伏期: 一般为 3~7 天，最长不超过 14 天，潜伏期内存在传染性,,,,疑似病例数来自国家卫健委数据，目前为全国数据，未分省市自治区等,,1580278842236
5e311d9e42f563465586cb40,野生动物，可能为中华菊头蝠,经呼吸道飞沫传播，亦可通过接触传播,https://img1.dxycdn.com/2020/0129/166/3393609475587464636-73.png,,,6014,9239,109,132,新型冠状病毒 2019-nCoV,易感人群: 人群普遍易感。老年人及有基础疾病者感染后病情较重，儿童及婴幼儿也有发病,潜伏期: 一般为 3~7 天，最长不超过 14 天，潜伏期内存在传染性,,,,疑似病例数来自国家卫健委数据，目前为全国数据，未分省市自治区等,,1580277150189
5e311d2542f563465586cb3c,野生动物，可能为中华菊头蝠,经呼吸道飞沫传播，亦可通过接触传播,https://img1.dxycdn.com/2020/0129/166/3393609475587464636-73.png,,,6013,9239,109,132,新型冠状病毒 2019-nCoV,易感人群: 人群普遍易感。老年人及有基础疾病者感染后病情较重，儿童及婴幼儿也有发病,潜伏期: 一般为 3~7 天，最长不超过 14 天，潜伏期内存在传染性,,,,疑似病例数来自国家卫健委数据，目前为全国数据，未分省市自治区等,,1580277029362
5e311b4242f563465586cb37,野生动物，可能为中华菊头蝠,经呼吸道飞沫传播，亦可通过接触传播,https://img1.dxycdn.com/2020/0129/166/3393609475587464636-73.png,,,6013,9239,108,132,新型冠状病毒 2019-nCoV,易感人群: 人群普遍易感。老年人及有基础疾病者感染后病情较重，儿童及婴幼儿也有发病,潜伏期: 一般为 3~7 天，最长不超过 14 天，潜伏期内存在传染性,,,,疑似病例数来自国家卫健委数据，目前为全国数据，未分省市自治区等,,1580276545933
5e3115d342f563465586cb2c,野生动物，可能为中华菊头蝠,经呼吸道飞沫传播，亦可通过接触传播,https://img1.dxycdn.com/2020/0129/166/3393609475587464636-73.png,,,6016,9239,108,132,新型冠状病毒 2019-nCoV,易感人群: 人群普遍易感。老年人及有基础疾病者感染后病情较重，儿童及婴幼儿也有发病,潜伏期: 一般为 3~7 天，最长不超过 14 天，潜伏期内存在传染性,,,,疑似病例数来自国家卫健委数据，目前为全国数据，未分省市自治区等,,1580275155211
5e3114a542f563465586cb26,野生动物，可能为中华菊头蝠,经呼吸道飞沫传播，亦可通过接触传播,https://img1.dxycdn.com/2020/0129/166/3393609475587464636-73.png,,,6005,9239,108,132,新型冠状病毒 2019-nCoV,易感人群: 人群普遍易感。老年人及有基础疾病者感染后病情较重，儿童及婴幼儿也有发病,潜伏期: 一般为 3~7 天，最长不超过 14 天，潜伏期内存在传染性,,,,疑似病例数来自国家卫健委数据，目前为全国数据，未分省市自治区等,,1580274853084
5e31137642f563465586cb23,野生动物，可能为中华菊头蝠,经呼吸道飞沫传播，亦可通过接触传播,https://img1.dxycdn.com/2020/0129/166/3393609475587464636-73.png,,,6003,9239,108,132,新型冠状病毒 2019-nCoV,易感人群: 人群普遍易感。老年人及有基础疾病者感染后病情较重，儿童及婴幼儿也有发病,潜伏期: 一般为 3~7 天，最长不超过 14 天，潜伏期内存在传染性,,,,疑似病例数来自国家卫健委数据，目前为全国数据，未分省市自治区等,,1580274550779
5e31102942f563465586cb20,野生动物，可能为中华菊头蝠,经呼吸道飞沫传播，亦可通过接触传播,https://img1.dxycdn.com/2020/0129/166/3393609475587464636-73.png,,,6002,9239,108,132,新型冠状病毒 2019-nCoV,易感人群: 人群普遍易感。老年人及有基础疾病者感染后病情较重，儿童及婴幼儿也有发病,潜伏期: 一般为 3~7 天，最长不超过 14 天，潜伏期内存在传染性,,,,疑似病例数来自国家卫健委数据，目前为全国数据，未分省市自治区等,,1580273705360
5e310e4642f563465586cb17,野生动物，可能为中华菊头蝠,经呼吸道飞沫传播，亦可通过接触传播,https://img1.dxycdn.com/2020/0129/166/3393609475587464636-73.png,,,6002,9239,107,132,新型冠状病毒 2019-nCoV,易感人群: 人群普遍易感。老年人及有基础疾病者感染后病情较重，儿童及婴幼儿也有发病,潜伏期: 一般为 3~7 天，最长不超过 14 天，潜伏期内存在传染性,,,,疑似病例数来自国家卫健委数据，目前为全国数据，未分省市自治区等,,1580273222222
5e310c9f42f563465586cb11,野生动物，可能为中华菊头蝠,经呼吸道飞沫传播，亦可通过接触传播,https://img1.dxycdn.com/2020/0129/166/3393609475587464636-73.png,,,6002,9239,105,132,新型冠状病毒 2019-nCoV,易感人群: 人群普遍易感。老年人及有基础疾病者感染后病情较重，儿童及婴幼儿也有发病,潜伏期: 一般为 3~7 天，最长不超过 14 天，潜伏期内存在传染性,,,,疑似病例数来自国家卫健委数据，目前为全国数据，未分省市自治区等,,1580272799492
5e310bea42f563465586cb10,野生动物，可能为中华菊头蝠,经呼吸道飞沫传播，亦可通过接触传播,https://img1.dxycdn.com/2020/0129/166/3393609475587464636-73.png,,,5999,9239,105,132,新型冠状病毒 2019-nCoV,易感人群: 人群普遍易感。老年人及有基础疾病者感染后病情较重，儿童及婴幼儿也有发病,潜伏期: 一般为 3~7 天，最长不超过 14 天，潜伏期内存在传染性,,,,疑似病例数来自国家卫健委数据，目前为全国数据，未分省市自治区等,,1580272618447
5e3104d642f563465586cb0b,野生动物，可能为中华菊头蝠,经呼吸道飞沫传播，亦可通过接触传播,https://img1.dxycdn.com/2020/0129/973/3393577271922703592-73.png,,,5999,9239,105,132,新型冠状病毒 2019-nCoV,易感人群: 人群普遍易感。老年人及有基础疾病者感染后病情较重，儿童及婴幼儿也有发病,潜伏期: 一般为 3~7 天，最长不超过 14 天，潜伏期内存在传染性,,,,疑似病例数来自国家卫健委数据，目前为全国数据，未分省市自治区等,,1580270806916
5e30f26d42f563465586cafe,野生动物，可能为中华菊头蝠,经呼吸道飞沫传播，亦可通过接触传播,https://img1.dxycdn.com/2020/0129/973/3393577271922703592-73.png,,,5999,9239,104,132,新型冠状病毒 2019-nCoV,易感人群: 人群普遍易感。老年人及有基础疾病者感染后病情较重，儿童及婴幼儿也有发病,潜伏期: 一般为 3~7 天，最长不超过 14 天，潜伏期内存在传染性,,,,疑似病例数来自国家卫健委数据，目前为全国数据，未分省市自治区等,,1580266093815
5e30ef1f42f563465586caf2,野生动物，可能为中华菊头蝠,经呼吸道飞沫传播，亦可通过接触传播,https://img1.dxycdn.com/2020/0129/973/3393577271922703592-73.png,,,5998,9239,104,132,新型冠状病毒 2019-nCoV,易感人群: 人群普遍易感。老年人及有基础疾病者感染后病情较重，儿童及婴幼儿也有发病,潜伏期: 一般为 3~7 天，最长不超过 14 天，潜伏期内存在传染性,,,,疑似病例数来自国家卫健委数据，目前为全国数据，未分省市自治区等,,1580265247049
5e30ed3b42f563465586caf1,野生动物，可能为中华菊头蝠,经呼吸道飞沫传播，亦可通过接触传播,https://img1.dxycdn.com/2020/0129/973/3393577271922703592-73.png,,,5997,9239,104,132,新型冠状病毒 2019-nCoV,易感人群: 人群普遍易感。老年人及有基础疾病者感染后病情较重，儿童及婴幼儿也有发病,潜伏期: 一般为 3~7 天，最长不超过 14 天，潜伏期内存在传染性,,,,疑似病例数来自国家卫健委数据，目前为全国数据，未分省市自治区等,,1580264763916
5e30d15d42f563465586caa5,野生动物，可能为中华菊头蝠,经呼吸道飞沫传播，亦可通过接触传播,https://img1.dxycdn.com/2020/0129/973/3393577271922703592-73.png,,,5997,9239,103,132,新型冠状病毒 2019-nCoV,易感人群: 人群普遍易感。老年人及有基础疾病者感染后病情较重，儿童及婴幼儿也有发病,潜伏期: 一般为 3~7 天，最长不超过 14 天，潜伏期内存在传染性,,,,疑似病例数来自国家卫健委数据，目前为全国数据，未分省市自治区等,,1580257629591
5e30d02f42f563465586caa4,野生动物，可能为中华菊头蝠,经呼吸道飞沫传播，亦可通过接触传播,https://img1.dxycdn.com/2020/0129/836/3393518963446483277-73.jpg,,,5997,9239,103,132,新型冠状病毒 2019-nCoV,易感人群: 人群普遍易感。老年人及有基础疾病者感染后病情较重，儿童及婴幼儿也有发病,潜伏期: 一般为 3~7 天，最长不超过 14 天，潜伏期内存在传染性,,,,疑似病例数来自国家卫健委数据，目前为全国数据，未分省市自治区等,,1580257327188
5e30cdd342f563465586ca9b,野生动物，可能为中华菊头蝠,经呼吸道飞沫传播，亦可通过接触传播,https://img1.dxycdn.com/2020/0129/836/3393518963446483277-73.jpg,,,5974,9239,103,132,新型冠状病毒 2019-nCoV,易感人群: 人群普遍易感。老年人及有基础疾病者感染后病情较重，儿童及婴幼儿也有发病,潜伏期: 一般为 3~7 天，最长不超过 14 天，潜伏期内存在传染性,,,,疑似病例数来自国家卫健委数据，目前为全国数据，未分省市自治区等,,1580256723332
5e30cd1e42f563465586ca98,野生动物，可能为中华菊头蝠,经呼吸道飞沫传播，亦可通过接触传播,https://img1.dxycdn.com/2020/0129/836/3393518963446483277-73.jpg,,,5531,6972,101,131,新型冠状病毒 2019-nCoV,易感人群: 人群普遍易感。老年人及有基础疾病者感染后病情较重，儿童及婴幼儿也有发病,潜伏期: 一般为 3~7 天，最长不超过 14 天，潜伏期内存在传染性,,,,疑似病例数来自国家卫健委数据，目前为全国数据，未分省市自治区等,,1580256542036
5e30b81c42f563465586ca87,野生动物，可能为中华菊头蝠,经呼吸道飞沫传播，亦可通过接触传播,https://img1.dxycdn.com/2020/0129/836/3393518963446483277-73.jpg,,,5517,6972,101,131,新型冠状病毒 2019-nCoV,易感人群: 人群普遍易感。老年人及有基础疾病者感染后病情较重，儿童及婴幼儿也有发病,潜伏期: 一般为 3~7 天，最长不超过 14 天，潜伏期内存在传染性,,,,疑似病例数来自国家卫健委数据，目前为全国数据，未分省市自治区等,,1580251164574
5e30b4ce42f563465586ca82,野生动物，可能为中华菊头蝠,经呼吸道飞沫传播，亦可通过接触传播,https://img1.dxycdn.com/2020/0129/836/3393518963446483277-73.jpg,,,4677,6972,73,106,新型冠状病毒 2019-nCoV,易感人群: 人群普遍易感。老年人及有基础疾病者感染后病情较重，儿童及婴幼儿也有发病,潜伏期: 一般为 3~7 天，最长不超过 14 天，潜伏期内存在传染性,,,,疑似病例数来自国家卫健委数据，目前为全国数据，未分省市自治区等,,1580250318534
5e3067a38f141ac95ef683e6,野生动物，可能为中华菊头蝠,经呼吸道飞沫传播，亦可通过接触传播,https://img1.dxycdn.com/2020/0129/836/3393518963446483277-73.jpg,,,4633,6972,73,106,新型冠状病毒 2019-nCoV,易感人群: 人群普遍易感。老年人及有基础疾病者感染后病情较重，儿童及婴幼儿也有发病,潜伏期: 一般为 3~7 天，最长不超过 14 天，潜伏期内存在传染性,,,,疑似病例数来自国家卫健委数据，目前为全国数据，未分省市自治区等,,1580230563203
5e3062f9348cddcbc9ae44a9,野生动物，可能为中华菊头蝠,经呼吸道飞沫传播，亦可通过接触传播,https://img1.dxycdn.com/2020/0129/776/3393516425120840806-73.jpg,,,4633,6972,73,106,新型冠状病毒 2019-nCoV,易感人群: 人群普遍易感。老年人及有基础疾病者感染后病情较重，儿童及婴幼儿也有发病,潜伏期: 一般为 3~7 天，最长不超过 14 天，潜伏期内存在传染性,,,,疑似病例数来自国家卫健委数据，目前为全国数据，未分省市自治区等,,1580229369464
5e3060273f536c3f858a1520,野生动物，可能为中华菊头蝠,经呼吸道飞沫传播，亦可通过接触传播,https://img1.dxycdn.com/2020/0128/202/3393406768163357387-73.jpg,,数据来自国家卫健委等官方渠道,4633,6972,73,106,新型冠状病毒 2019-nCoV,易感人群: 人群普遍易感。老年人及有基础疾病者感染后病情较重，儿童及婴幼儿也有发病,潜伏期: 一般为 3~7 天，最长不超过 14 天，潜伏期内存在传染性,,,,疑似病例数来自国家卫健委数据，目前为全国数据，未分省市自治区等,,1580228647856
5e305d6279cdb36d89e2e4f9,野生动物，可能为中华菊头蝠,经呼吸道飞沫传播，亦可通过接触传播,https://img1.dxycdn.com/2020/0128/202/3393406768163357387-73.jpg,,,4633,6972,73,106,新型冠状病毒 2019-nCoV,易感人群: 人群普遍易感。老年人及有基础疾病者感染后病情较重，儿童及婴幼儿也有发病,潜伏期: 一般为 3~7 天，最长不超过 14 天，潜伏期内存在传染性,,,,疑似病例数来自国家卫健委数据，目前为全国数据，未分省市自治区等,,1580227938520
5e305b0579cdb36d89e2e4f8,野生动物，可能为中华菊头蝠,经呼吸道飞沫传播，亦可通过接触传播,https://img1.dxycdn.com/2020/0128/202/3393406768163357387-73.jpg,,,4631,6973,73,106,新型冠状病毒 2019-nCoV,易感人群: 人群普遍易感。老年人及有基础疾病者感染后病情较重，儿童及婴幼儿也有发病,潜伏期: 一般为 3~7 天，最长不超过 14 天，潜伏期内存在传染性,,,,疑似病例数来自国家卫健委数据，目前为全国数据，未分省市自治区等,,1580227332987
5e3030cb889913d96da49031,野生动物，可能为中华菊头蝠,经呼吸道飞沫传播，亦可通过接触传播,https://img1.dxycdn.com/2020/0128/202/3393406768163357387-73.jpg,,,4630,6973,73,106,新型冠状病毒 2019-nCoV,易感人群: 人群普遍易感。老年人及有基础疾病者感染后病情较重，儿童及婴幼儿也有发病,潜伏期: 一般为 3~7 天，最长不超过 14 天，潜伏期内存在传染性,,,,疑似病例数来自国家卫健委数据，目前为全国数据，未分省市自治区等,,1580216523262
5e303052889913d96da4902e,野生动物，可能为中华菊头蝠,经呼吸道飞沫传播，亦可通过接触传播,https://img1.dxycdn.com/2020/0128/202/3393406768163357387-73.jpg,,,4630,6973,71,106,新型冠状病毒 2019-nCoV,易感人群: 人群普遍易感。老年人及有基础疾病者感染后病情较重，儿童及婴幼儿也有发病,潜伏期: 一般为 3~7 天，最长不超过 14 天，潜伏期内存在传染性,,,,疑似病例数来自国家卫健委数据，目前为全国数据，未分省市自治区等,,1580216401916
5e302401889913d96da49028,野生动物，可能为中华菊头蝠,经呼吸道飞沫传播，亦可通过接触传播,https://img1.dxycdn.com/2020/0128/202/3393406768163357387-73.jpg,,,4629,6973,71,106,新型冠状病毒 2019-nCoV,易感人群: 人群普遍易感。老年人及有基础疾病者感染后病情较重，儿童及婴幼儿也有发病,潜伏期: 一般为 3~7 天，最长不超过 14 天，潜伏期内存在传染性,,,,疑似病例数来自国家卫健委数据，目前为全国数据，未分省市自治区等,,1580213249160
5e302036889913d96da49024,野生动物，可能为中华菊头蝠,经呼吸道飞沫传播，亦可通过接触传播,https://img1.dxycdn.com/2020/0128/202/3393406768163357387-73.jpg,,,4622,6973,71,106,新型冠状病毒 2019-nCoV,易感人群: 人群普遍易感。老年人及有基础疾病者感染后病情较重，儿童及婴幼儿也有发病,潜伏期: 一般为 3~7 天，最长不超过 14 天，潜伏期内存在传染性,,,,疑似病例数来自国家卫健委数据，目前为全国数据，未分省市自治区等,,1580212278503
5e300eec889913d96da49018,野生动物，可能为中华菊头蝠,经呼吸道飞沫传播，亦可通过接触传播,https://img1.dxycdn.com/2020/0128/202/3393406768163357387-73.jpg,,,4618,6973,69,106,新型冠状病毒 2019-nCoV,易感人群: 人群普遍易感。老年人及有基础疾病者感染后病情较重，儿童及婴幼儿也有发病,潜伏期: 一般为 3~7 天，最长不超过 14 天，潜伏期内存在传染性,,,,疑似病例数来自国家卫健委数据，目前为全国数据，未分省市自治区等,,1580207852419
5e2ff830889913d96da49009,野生动物，可能为中华菊头蝠,经呼吸道飞沫传播，亦可通过接触传播,https://img1.dxycdn.com/2020/0128/202/3393406768163357387-73.jpg,,,4599,6973,68,106,新型冠状病毒 2019-nCoV,易感人群: 人群普遍易感。老年人及有基础疾病者感染后病情较重，儿童及婴幼儿也有发病,潜伏期: 一般为 3~7 天，最长不超过 14 天，潜伏期内存在传染性,,,,疑似病例数来自国家卫健委数据，目前为全国数据，未分省市自治区等,,1580202032520
5e2ff60f889913d96da49006,野生动物，可能为中华菊头蝠,经呼吸道飞沫传播，亦可通过接触传播,https://img1.dxycdn.com/2020/0128/202/3393406768163357387-73.jpg,,,4597,6973,68,106,新型冠状病毒 2019-nCoV,易感人群: 人群普遍易感。老年人及有基础疾病者感染后病情较重，儿童及婴幼儿也有发病,潜伏期: 一般为 3~7 天，最长不超过 14 天，潜伏期内存在传染性,,,,疑似病例数来自国家卫健委数据，目前为全国数据，未分省市自治区等,,1580201486948
5e2ff2be889913d96da49001,野生动物，可能为中华菊头蝠,经呼吸道飞沫传播，亦可通过接触传播,https://img1.dxycdn.com/2020/0128/202/3393406768163357387-73.jpg,,,4597,6973,67,106,新型冠状病毒 2019-nCoV,易感人群: 人群普遍易感。老年人及有基础疾病者感染后病情较重，儿童及婴幼儿也有发病,潜伏期: 一般为 3~7 天，最长不超过 14 天，潜伏期内存在传染性,,,,疑似病例数来自国家卫健委数据，目前为全国数据，未分省市自治区等,,1580200638128
5e2fe9379489812ace85834c,野生动物，可能为中华菊头蝠,经呼吸道飞沫传播，亦可通过接触传播,https://img1.dxycdn.com/2020/0128/202/3393406768163357387-73.jpg,,,4597,6973,65,106,新型冠状病毒 2019-nCoV,易感人群: 人群普遍易感。老年人及有基础疾病者感染后病情较重，儿童及婴幼儿也有发病,潜伏期: 一般为 3~7 天，最长不超过 14 天，潜伏期内存在传染性,,,,疑似病例数来自国家卫健委数据，目前为全国数据，未分省市自治区等,,1580198199053
5e2fe7519489812ace858347,野生动物，可能为中华菊头蝠,经呼吸道飞沫传播，亦可通过接触传播,https://img1.dxycdn.com/2020/0128/202/3393406768163357387-73.jpg,,,4586,6973,65,106,新型冠状病毒 2019-nCoV,易感人群: 人群普遍易感。老年人及有基础疾病者感染后病情较重，儿童及婴幼儿也有发病,潜伏期: 一般为 3~7 天，最长不超过 14 天，潜伏期内存在传染性,,,,疑似病例数来自国家卫健委数据，目前为全国数据，未分省市自治区等,,1580197713531
5e2fe6229489812ace858326,野生动物，可能为中华菊头蝠,经呼吸道飞沫传播，亦可通过接触传播,https://img1.dxycdn.com/2020/0128/202/3393406768163357387-73.jpg,,,4578,6973,65,106,新型冠状病毒 2019-nCoV,易感人群: 人群普遍易感。老年人及有基础疾病者感染后病情较重，儿童及婴幼儿也有发病,潜伏期: 一般为 3~7 天，最长不超过 14 天，潜伏期内存在传染性,,,,疑似病例数来自国家卫健委数据，目前为全国数据，未分省市自治区等,,1580197409923
5e2f8ee387477336b7b92376,野生动物，可能为中华菊头蝠,经呼吸道飞沫传播，亦可通过接触传播,https://img1.dxycdn.com/2020/0127/350/3393218957833514634-73.jpg,,,4474,5794,60,106,新型冠状病毒 2019-nCoV,易感人群: 人群普遍易感。老年人及有基础疾病者感染后病情较重，儿童及婴幼儿也有发病,潜伏期: 1~14 天均有，平均 10 天，潜伏期内存在传染性,,,,疑似病例数来自国家卫健委数据，目前为全国数据，未分省市自治区等,,1580175075161
5e2f8bcd87477336b7b92373,野生动物，可能为中华菊头蝠,经呼吸道飞沫传播，亦可通过接触传播,https://img1.dxycdn.com/2020/0127/350/3393218957833514634-73.jpg,,,4428,5794,60,106,新型冠状病毒 2019-nCoV,易感人群: 人群普遍易感。老年人及有基础疾病者感染后病情较重，儿童及婴幼儿也有发病,潜伏期: 1~14 天均有，平均 10 天，潜伏期内存在传染性,,,,疑似病例数来自国家卫健委数据，目前为全国数据，未分省市自治区等,,1580174285599
5e2f834687477336b7b92352,野生动物，可能为中华菊头蝠,经呼吸道飞沫传播，亦可通过接触传播,https://img1.dxycdn.com/2020/0127/350/3393218957833514634-73.jpg,,,2902,5794,58,82,新型冠状病毒 2019-nCoV,易感人群: 人群普遍易感。老年人及有基础疾病者感染后病情较重，儿童及婴幼儿也有发病,潜伏期: 1~14 天均有，平均 10 天，潜伏期内存在传染性,,,,疑似病例数来自国家卫健委数据，目前为全国数据，未分省市自治区等,,1580172101922
5e2f7e4d87477336b7b92345,野生动物，可能为中华菊头蝠,未完全掌握，存在人传人、医务人员感染、一定范围社区传播,https://img1.dxycdn.com/2020/0127/350/3393218957833514634-73.jpg,,,2902,5794,58,82,新型冠状病毒 2019-nCoV,易感人群: 对所有年龄组都易感,潜伏期: 1~14 天均有，平均 10 天，潜伏期内存在传染性,,,,疑似病例数来自国家卫健委数据，目前为全国数据，未分省市自治区等,,1580170829011
5e2f767c87477336b7b9233d,野生动物，可能为中华菊头蝠,未完全掌握，存在人传人、医务人员感染、一定范围社区传播,https://img1.dxycdn.com/2020/0127/350/3393218957833514634-73.jpg,,,2889,5794,58,82,新型冠状病毒 2019-nCoV,易感人群: 对所有年龄组都易感,潜伏期: 1~14 天均有，平均 10 天，潜伏期内存在传染性,,,,疑似病例数来自国家卫健委数据，目前为全国数据，未分省市自治区等,,1580168827822
5e2f718487477336b7b9233a,野生动物，可能为中华菊头蝠,未完全掌握，存在人传人、医务人员感染、一定范围社区传播,https://img1.dxycdn.com/2020/0127/350/3393218957833514634-73.jpg,,,2889,5794,58,82,新型冠状病毒 2019-nCoV,易感人群: 暂时不明，病毒存在变异可能,潜伏期: 1~14 天均有，平均 10 天，潜伏期内存在传染性,,,,疑似病例数来自国家卫健委数据，目前为全国数据，未分省市自治区等,,1580167555955
5e2f6fdb87477336b7b92337,野生动物，可能为中华菊头蝠,未完全掌握，存在人传人、医务人员感染、一定范围社区传播,https://img1.dxycdn.com/2020/0127/350/3393218957833514634-73.jpg,,,2889,5794,59,82,新型冠状病毒 2019-nCoV,易感人群: 暂时不明，病毒存在变异可能,潜伏期: 1~14 天均有，平均 10 天，潜伏期内存在传染性,,,,疑似病例数来自国家卫健委数据，目前为全国数据，未分省市自治区等,,1580167131559
5e2f6d0487477336b7b92335,野生动物，可能为中华菊头蝠,未完全掌握，存在人传人、医务人员感染、一定范围社区传播,https://img1.dxycdn.com/2020/0127/350/3393218957833514634-73.jpg,,,2889,5794,57,82,新型冠状病毒 2019-nCoV,易感人群: 暂时不明，病毒存在变异可能,潜伏期: 1~14 天均有，平均 10 天，潜伏期内存在传染性,,,,疑似病例数来自国家卫健委数据，目前为全国数据，未分省市自治区等,,1580166404663
5e2f67cf87477336b7b9232d,野生动物，可能为中华菊头蝠,未完全掌握，存在人传人、医务人员感染、一定范围社区传播,https://img1.dxycdn.com/2020/0127/350/3393218957833514634-73.jpg,,,2889,5794,56,82,新型冠状病毒 2019-nCoV,易感人群: 暂时不明，病毒存在变异可能,潜伏期: 1~14 天均有，平均 10 天，潜伏期内存在传染性,,,,疑似病例数来自国家卫健委数据，目前为全国数据，未分省市自治区等,,1580165071577
5e2f640687477336b7b92329,野生动物，可能为中华菊头蝠,未完全掌握，存在人传人、医务人员感染、一定范围社区传播,https://img1.dxycdn.com/2020/0127/350/3393218957833514634-73.jpg,,,2882,5794,56,82,新型冠状病毒 2019-nCoV,易感人群: 暂时不明，病毒存在变异可能,潜伏期: 1~14 天均有，平均 10 天，潜伏期内存在传染性,,,,疑似病例数来自国家卫健委数据，目前为全国数据，未分省市自治区等,,1580164101939
5e2f0d604d8f9bdc8a1a5c31,野生动物，可能为中华菊头蝠,未完全掌握，存在人传人、医务人员感染、一定范围社区传播,https://img1.dxycdn.com/2020/0127/350/3393218957833514634-73.jpg,,,2858,5794,56,82,新型冠状病毒 2019-nCoV,易感人群: 暂时不明，病毒存在变异可能,潜伏期: 1~14 天均有，平均 10 天，潜伏期内存在传染性,,,,疑似病例数来自国家卫健委数据，目前为全国数据，未分省市自治区等,,1580141920382
5e2f07ed4d8f9bdc8a1a5c2c,野生动物，可能为中华菊头蝠,未完全掌握，存在人传人、医务人员感染、一定范围社区传播,https://img1.dxycdn.com/2020/0127/350/3393218957833514634-73.jpg,,,2857,5794,56,82,新型冠状病毒 2019-nCoV,易感人群: 暂时不明，病毒存在变异可能,潜伏期: 1~14 天均有，平均 10 天，潜伏期内存在传染性,,,,疑似病例数来自国家卫健委数据，目前为全国数据，未分省市自治区等,,1580140525804
5e2f02f54d8f9bdc8a1a5c26,野生动物，可能为中华菊头蝠,未完全掌握，存在人传人、医务人员感染、一定范围社区传播,https://img1.dxycdn.com/2020/0127/350/3393218957833514634-73.jpg,,,2846,5794,56,81,新型冠状病毒 2019-nCoV,易感人群: 暂时不明，病毒存在变异可能,潜伏期: 1~14 天均有，平均 10 天，潜伏期内存在传染性,,,,疑似病例数来自国家卫健委数据，目前为全国数据，未分省市自治区等,,1580139252839
5e2ef6762af361d1bcac91ba,野生动物，可能为中华菊头蝠,未完全掌握，存在人传人、医务人员感染、一定范围社区传播,https://img1.dxycdn.com/2020/0127/350/3393218957833514634-73.jpg,,"确诊2846例，疑似5794例
死亡81例，治愈56例",2846,5794,56,81,新型冠状病毒 2019-nCoV,易感人群: 暂时不明，病毒存在变异可能,潜伏期: 1~14 天均有，平均 10 天，潜伏期内存在传染性,,,,疑似病例数来自国家卫健委数据，目前为全国数据，未分省市自治区等,,1580136054568
5e2edf3126e4d47f04f560a3,野生动物，可能为中华菊头蝠,未完全掌握，存在人传人、医务人员感染、一定范围社区传播,https://img1.dxycdn.com/2020/0127/350/3393218957833514634-73.jpg,,"确诊2844例，疑似5794例
死亡81例，治愈56例",2844,5794,56,81,新型冠状病毒 2019-nCoV,易感人群: 暂时不明，病毒存在变异可能,潜伏期: 1~14 天均有，平均 10 天，潜伏期内存在传染性,,,,疑似病例数来自国家卫健委数据，目前为全国数据，未分省市自治区等,,1580130097693
5e2eda017e34a75afa8130d6,野生动物，可能为中华菊头蝠,未完全掌握，存在人传人、医务人员感染、一定范围社区传播,https://img1.dxycdn.com/2020/0127/350/3393218957833514634-73.jpg,,"确诊2844例，疑似5794例
死亡81例，治愈55例",2844,5794,55,81,新型冠状病毒 2019-nCoV,易感人群: 暂时不明，病毒存在变异可能,潜伏期: 1~14 天均有，平均 10 天，潜伏期内存在传染性,,,,疑似病例数来自国家卫健委数据，目前为全国数据，未分省市自治区等,,1580128769529
5e2ec608bfe01ae13eb77c29,野生动物，可能为中华菊头蝠,未完全掌握，存在人传人、医务人员感染、一定范围社区传播,https://img1.dxycdn.com/2020/0127/350/3393218957833514634-73.jpg,,"确诊2840例，疑似5794例
死亡81例，治愈55例",2840,5794,55,81,新型冠状病毒 2019-nCoV,易感人群: 暂时不明，病毒存在变异可能,潜伏期: 1~14 天均有，平均 10 天，潜伏期内存在传染性,,,,疑似病例数来自国家卫健委数据，目前为全国数据，未分省市自治区等,,1580123656351
5e2ec330bfe01ae13eb77c26,野生动物，可能为中华菊头蝠,未完全掌握，存在人传人、医务人员感染、一定范围社区传播,https://img1.dxycdn.com/2020/0127/350/3393218957833514634-73.jpg,,"确诊2835例，疑似5794例
死亡81例，治愈55例",2835,5794,55,81,新型冠状病毒 2019-nCoV,易感人群: 暂时不明，病毒存在变异可能,潜伏期: 1~14 天均有，平均 10 天，潜伏期内存在传染性,,,,疑似病例数来自国家卫健委数据，目前为全国数据，未分省市自治区等,,1580122927932
5e2ec057bfe01ae13eb77c25,野生动物，可能为中华菊头蝠,未完全掌握，存在人传人、医务人员感染、一定范围社区传播,https://img1.dxycdn.com/2020/0127/350/3393218957833514634-73.jpg,,"确诊2835例，疑似5794例
死亡81例，治愈56例",2835,5794,56,81,新型冠状病毒 2019-nCoV,易感人群: 暂时不明，病毒存在变异可能,潜伏期: 1~14 天均有，平均 10 天，潜伏期内存在传染性,,,,疑似病例数来自国家卫健委数据，目前为全国数据，未分省市自治区等,,1580122199758
5e2ebc13bfe01ae13eb77c1f,野生动物，可能为中华菊头蝠,未完全掌握，存在人传人、医务人员感染、一定范围社区传播,https://img1.dxycdn.com/2020/0127/350/3393218957833514634-73.jpg,,"确诊2835例，疑似5794例
死亡81例，治愈58例",2835,5794,58,81,新型冠状病毒 2019-nCoV,易感人群: 暂时不明，病毒存在变异可能,潜伏期: 1~14 天均有，平均 10 天，潜伏期内存在传染性,,,,疑似病例数来自国家卫健委数据，目前为全国数据，未分省市自治区等,,1580121107832
5e2ebaa8bfe01ae13eb77c1b,野生动物，可能为中华菊头蝠,未完全掌握，存在人传人、医务人员感染、一定范围社区传播,https://img1.dxycdn.com/2020/0127/350/3393218957833514634-73.jpg,,"确诊2828例，疑似5794例
死亡81例，治愈58例",2828,5794,58,81,新型冠状病毒 2019-nCoV,易感人群: 暂时不明，病毒存在变异可能,潜伏期: 1~14 天均有，平均 10 天，潜伏期内存在传染性,,,,疑似病例数来自国家卫健委数据，目前为全国数据，未分省市自治区等,,1580120744242
5e2eba2fbfe01ae13eb77c19,野生动物，可能为中华菊头蝠,未完全掌握，存在人传人、医务人员感染、一定范围社区传播,https://img1.dxycdn.com/2020/0127/350/3393218957833514634-73.jpg,,"确诊2826例，疑似5794例
死亡81例，治愈58例",2826,5794,58,81,新型冠状病毒 2019-nCoV,易感人群: 暂时不明，病毒存在变异可能,潜伏期: 1~14 天均有，平均 10 天，潜伏期内存在传染性,,,,疑似病例数来自国家卫健委数据，目前为全国数据，未分省市自治区等,,1580120623019
5e2ea476cdf459319a19faed,野生动物，可能为中华菊头蝠,未完全掌握，存在人传人、医务人员感染、一定范围社区传播,https://img1.dxycdn.com/2020/0127/350/3393218957833514634-73.jpg,,"确诊2823例，疑似5794例
死亡81例，治愈58例",2823,5794,58,81,新型冠状病毒 2019-nCoV,易感人群: 暂时不明，病毒存在变异可能,潜伏期: 1~14 天均有，平均 10 天，潜伏期内存在传染性,,,,疑似病例数来自国家卫健委数据，目前为全国数据，未分省市自治区等,,1580115061899
5e2ea291cdf459319a19fae9,野生动物，可能为中华菊头蝠,未完全掌握，存在人传人、医务人员感染、一定范围社区传播,https://img1.dxycdn.com/2020/0127/350/3393218957833514634-73.jpg,,"确诊2823例，疑似5794例
死亡81例，治愈57例",2823,5794,57,81,新型冠状病毒 2019-nCoV,易感人群: 暂时不明，病毒存在变异可能,潜伏期: 1~14 天均有，平均 10 天，潜伏期内存在传染性,,,,疑似病例数来自国家卫健委数据，目前为全国数据，未分省市自治区等,,1580114577343
5e2e9156f58597d4d01dddf6,野生动物，可能为中华菊头蝠,未完全掌握，存在人传人、医务人员感染、一定范围社区传播,https://img1.dxycdn.com/2020/0127/350/3393218957833514634-73.jpg,,"确诊2823例，疑似5794例
死亡81例，治愈55例",2823,5794,55,81,新型冠状病毒 2019-nCoV,易感人群: 暂时不明，病毒存在变异可能,潜伏期: 1~14 天均有，平均 10 天，潜伏期内存在传染性,,,,疑似病例数来自国家卫健委数据，目前为全国数据，未分省市自治区等,,1580110166373
5e2e8ef9f58597d4d01dddef,野生动物，可能为中华菊头蝠,未完全掌握，存在人传人、医务人员感染、一定范围社区传播,https://img1.dxycdn.com/2020/0127/350/3393218957833514634-73.jpg,,"确诊2823例，疑似5794例
死亡81例，治愈53例",2823,5794,53,81,新型冠状病毒 2019-nCoV,易感人群: 暂时不明，病毒存在变异可能,潜伏期: 1~14 天均有，平均 10 天，潜伏期内存在传染性,,,,疑似病例数来自国家卫健委数据，目前为全国数据，未分省市自治区等,,1580109561199
5e2e8e07f58597d4d01dddea,野生动物，可能为中华菊头蝠,未完全掌握，存在人传人、医务人员感染、一定范围社区传播,https://img1.dxycdn.com/2020/0127/350/3393218957833514634-73.jpg,,"确诊2819例，疑似5794例
死亡81例，治愈53例",2819,5794,53,81,新型冠状病毒 2019-nCoV,易感人群: 暂时不明，病毒存在变异可能,潜伏期: 1~14 天均有，平均 10 天，潜伏期内存在传染性,,,,疑似病例数来自国家卫健委数据，目前为全国数据，未分省市自治区等,,1580109319342
5e2e8c23f58597d4d01ddde8,野生动物，可能为中华菊头蝠,未完全掌握，存在人传人、医务人员感染、一定范围社区传播,https://img1.dxycdn.com/2020/0127/350/3393218957833514634-73.jpg,,"确诊2819例，疑似5794例
死亡81例，治愈52例",2819,5794,52,81,新型冠状病毒 2019-nCoV,易感人群: 暂时不明，病毒存在变异可能,潜伏期: 1~14 天均有，平均 10 天，潜伏期内存在传染性,,,,疑似病例数来自国家卫健委数据，目前为全国数据，未分省市自治区等,,1580108835356
5e2e86b4f58597d4d01ddde3,野生动物，可能为中华菊头蝠,未完全掌握，存在人传人、医务人员感染、一定范围社区传播,https://img1.dxycdn.com/2020/0127/350/3393218957833514634-73.jpg,,"确诊2818例，疑似5794例
死亡81例，治愈52例",2818,5794,52,81,新型冠状病毒 2019-nCoV,易感人群: 暂时不明，病毒存在变异可能,潜伏期: 1~14 天均有，平均 10 天，潜伏期内存在传染性,,,,疑似病例数来自国家卫健委数据，目前为全国数据，未分省市自治区等,,1580107444213
5e2e7c4cf58597d4d01ddde2,野生动物，可能为中华菊头蝠,未完全掌握，存在人传人、医务人员感染、一定范围社区传播,https://img1.dxycdn.com/2020/0127/350/3393218957833514634-73.jpg,,"确诊2817例，疑似5794例
死亡81例，治愈52例",2817,5794,52,81,新型冠状病毒 2019-nCoV,易感人群: 暂时不明，病毒存在变异可能,潜伏期: 1~14 天均有，平均 10 天，潜伏期内存在传染性,,,,疑似病例数来自国家卫健委数据，目前为全国数据，未分省市自治区等,,1580104780435
5e2e71a8f58597d4d01dddd6,野生动物，可能为中华菊头蝠,未完全掌握，存在人传人、医务人员感染、一定范围社区传播,https://img1.dxycdn.com/2020/0127/350/3393218957833514634-73.jpg,,"确诊2784例，疑似5794例
死亡81例，治愈52例",2784,5794,52,81,新型冠状病毒 2019-nCoV,易感人群: 暂时不明，病毒存在变异可能,潜伏期: 1~14 天均有，平均 10 天，潜伏期内存在传染性,,,,疑似病例数来自国家卫健委数据，目前为全国数据，未分省市自治区等,,1580102056763
5e2e6b83f58597d4d01dddd1,野生动物，可能为中华菊头蝠,未完全掌握，存在人传人、医务人员感染、一定范围社区传播,https://img1.dxycdn.com/2020/0127/350/3393218957833514634-73.jpg,,"确诊2783例，疑似5794例
死亡81例，治愈52例",2783,5794,52,81,新型冠状病毒 2019-nCoV,易感人群: 暂时不明，病毒存在变异可能,潜伏期: 1~14 天均有，平均 10 天，潜伏期内存在传染性,,,,疑似病例数来自国家卫健委数据，目前为全国数据，未分省市自治区等,,1580100483044
5e2e6a90f58597d4d01dddd0,野生动物，可能为中华菊头蝠,未完全掌握，存在人传人、医务人员感染、一定范围社区传播,https://img1.dxycdn.com/2020/0127/350/3393218957833514634-73.jpg,,"确诊2780例，疑似5794例
死亡81例，治愈52例",2780,5794,52,81,新型冠状病毒 2019-nCoV,易感人群: 暂时不明，病毒存在变异可能,潜伏期: 1~14 天均有，平均 10 天，潜伏期内存在传染性,,,,疑似病例数来自国家卫健委数据，目前为全国数据，未分省市自治区等,,1580100240699
5e2e6599f58597d4d01dddc7,野生动物，可能为中华菊头蝠,未完全掌握，存在人传人、医务人员感染、一定范围社区传播,https://img1.dxycdn.com/2020/0127/350/3393218957833514634-73.jpg,,"确诊2768例，疑似5794例
死亡80例，治愈52例",2768,5794,52,80,新型冠状病毒 2019-nCoV,易感人群: 暂时不明，病毒存在变异可能,潜伏期: 1~14 天均有，平均 10 天，潜伏期内存在传染性,,,,疑似病例数来自国家卫健委数据，目前为全国数据，未分省市自治区等,,1580098969281
5e2e456df58597d4d01dddb3,野生动物，可能为中华菊头蝠,未完全掌握，存在人传人、医务人员感染、一定范围社区传播,https://img1.dxycdn.com/2020/0127/350/3393218957833514634-73.jpg,,"全国确诊2762例，疑似5794例
死亡80例，治愈51例",2762,5794,51,80,新型冠状病毒 2019-nCoV,易感人群: 暂时不明，病毒存在变异可能,潜伏期: 1~14 天均有，平均 10 天，潜伏期内存在传染性,,,,疑似病例数来自国家卫健委数据，目前为全国数据，未分省市自治区等,,1580090733268
5e2e281af58597d4d01ddd59,野生动物，可能为中华菊头蝠,未完全掌握，存在人传人、医务人员感染、一定范围社区传播,https://img1.dxycdn.com/2020/0126/134/3393029508973266637-73.jpg,,"全国确诊2762例，疑似5794例
死亡80例，治愈51例",2762,5794,51,80,新型冠状病毒 2019-nCoV,易感人群: 暂时不明，病毒存在变异可能,潜伏期: 1~14 天均有，平均 10 天，潜伏期内存在传染性,,,,疑似病例数来自国家卫健委数据，目前为全国数据，未分省市自治区等,,1580083226220
5e2e27a1f58597d4d01ddd58,野生动物，可能为中华菊头蝠,未完全掌握，存在人传人、医务人员感染、一定范围社区传播,https://img1.dxycdn.com/2020/0126/134/3393029508973266637-73.jpg,,"全国确诊2744例，疑似5794例
死亡80例，治愈51例",2744,5794,51,80,新型冠状病毒 2019-nCoV,易感人群: 暂时不明，病毒存在变异可能,潜伏期: 1~14 天均有，平均 10 天，潜伏期内存在传染性,,,,疑似病例数来自国家卫健委数据，目前为全国数据，未分省市自治区等,,1580083105318
5e2e2011f58597d4d01ddd56,野生动物，可能为中华菊头蝠,未完全掌握，存在人传人、医务人员感染、一定范围社区传播,https://img1.dxycdn.com/2020/0126/134/3393029508973266637-73.jpg,,"全国确诊2463例，疑似2692例
死亡80例，治愈51例",2463,2692,51,80,新型冠状病毒 2019-nCoV,易感人群: 暂时不明，病毒存在变异可能,潜伏期: 1~14 天均有，平均 10 天，潜伏期内存在传染性,,,,疑似病例数来自国家卫健委数据，目前为全国数据，未分省市自治区等,,1580081169118
5e2e1f5bf58597d4d01ddd55,野生动物，可能为中华菊头蝠,未完全掌握，存在人传人、医务人员感染、一定范围社区传播,https://img1.dxycdn.com/2020/0126/134/3393029508973266637-73.jpg,,"全国确诊2463例，疑似2692例
死亡56例，治愈49例",2463,2692,49,56,新型冠状病毒 2019-nCoV,易感人群: 暂时不明，病毒存在变异可能,潜伏期: 1~14 天均有，平均 10 天，潜伏期内存在传染性,,,,疑似病例数来自国家卫健委数据，目前为全国数据，未分省市自治区等,,1580080987751
5e2e1808f58597d4d01ddd46,野生动物，可能为中华菊头蝠,未完全掌握，存在人传人、医务人员感染、一定范围社区传播,https://img1.dxycdn.com/2020/0126/134/3393029508973266637-73.jpg,,"全国确诊2098例，疑似2692例
死亡56例，治愈49例",2098,2692,49,56,新型冠状病毒 2019-nCoV,易感人群: 暂时不明，病毒存在变异可能,潜伏期: 1~14 天均有，平均 10 天，潜伏期内存在传染性,,,,疑似病例数来自国家卫健委数据，目前为全国数据，未分省市自治区等,,1580079112463
5e2e138af58597d4d01ddd3f,野生动物，可能为中华菊头蝠,未完全掌握，存在人传人、医务人员感染、一定范围社区传播,https://img1.dxycdn.com/2020/0126/134/3393029508973266637-73.jpg,,"全国确诊2093例，疑似2692例
死亡56例，治愈49例",2093,2692,49,56,新型冠状病毒 2019-nCoV,易感人群: 暂时不明，病毒存在变异可能,潜伏期: 1~14 天均有，平均 10 天，潜伏期内存在传染性,,,,疑似病例数来自国家卫健委数据，目前为全国数据，未分省市自治区等,,1580077962217
5e2e0ffff58597d4d01ddd3d,野生动物，可能为中华菊头蝠,未完全掌握，存在人传人、医务人员感染、一定范围社区传播,https://img1.dxycdn.com/2020/0126/134/3393029508973266637-73.jpg,,"全国确诊2081例，疑似2692例
死亡56例，治愈49例",2081,2692,49,56,新型冠状病毒 2019-nCoV,易感人群: 暂时不明，病毒存在变异可能,潜伏期: 1~14 天均有，平均 10 天，潜伏期内存在传染性,,,,疑似病例数来自国家卫健委数据，目前为全国数据，未分省市自治区等,,1580077055391
5e2e0832f58597d4d01ddd3a,野生动物，可能为中华菊头蝠,未完全掌握，存在人传人、医务人员感染、一定范围社区传播,https://img1.dxycdn.com/2020/0126/134/3393029508973266637-73.jpg,,"全国确诊2081例，疑似2692例
死亡56例，治愈49例",2081,2692,49,56,新型冠状病毒 2019-nCoV,易感人群: 暂时不明，病毒存在变异可能,潜伏期: 1~14 天均有，平均 10 天，潜伏期内存在传染性,,,,疑似病例数来自国家卫健委数据，目前为全国数据，未分省市自治区等,泰国确诊4例,1580075058268
5e2dc636f58597d4d01ddd34,野生动物，可能为中华菊头蝠,未完全掌握，存在人传人、医务人员感染、一定范围社区传播,https://img1.dxycdn.com/2020/0126/134/3393029508973266637-73.jpg,,"全国确诊2081例，疑似2692例
死亡56例，治愈49例",2081,2692,49,56,新型冠状病毒 2019-nCoV,易感人群: 暂时不明，病毒存在变异可能,潜伏期: 1~14 天均有，平均 10 天，潜伏期内存在传染性,,,,疑似病例数来自国家卫健委数据，目前为全国数据，未分省市自治区等,,1580058166319
5e2dc1f4f58597d4d01ddd2f,野生动物，可能为中华菊头蝠,未完全掌握，存在人传人、医务人员感染、一定范围社区传播,https://img1.dxycdn.com/2020/0126/134/3393029508973266637-73.jpg,,"全国确诊2080例，疑似2692例
死亡56例，治愈49例",2080,2692,49,56,新型冠状病毒 2019-nCoV,易感人群: 暂时不明，病毒存在变异可能,潜伏期: 1~14 天均有，平均 10 天，潜伏期内存在传染性,,,,疑似病例数来自国家卫健委数据，目前为全国数据，未分省市自治区等,,1580057076276
5e2db9e8f58597d4d01ddd2c,野生动物，可能为中华菊头蝠,未完全掌握，存在人传人、医务人员感染、一定范围社区传播,https://img1.dxycdn.com/2020/0126/134/3393029508973266637-73.jpg,,"全国确诊2079例，疑似2692例
死亡56例，治愈49例",2079,2692,49,56,新型冠状病毒 2019-nCoV,易感人群: 暂时不明，病毒存在变异可能,潜伏期: 1~14 天均有，平均 10 天，潜伏期内存在传染性,,,,疑似病例数来自国家卫健委数据，目前为全国数据，未分省市自治区等,,1580055016249
5e2daa43f58597d4d01ddd27,野生动物，可能为中华菊头蝠,未完全掌握，存在人传人、医务人员感染、一定范围社区传播,https://img1.dxycdn.com/2020/0126/134/3393029508973266637-73.jpg,,"全国确诊2076例，疑似2692例
死亡56例，治愈49例",2076,2692,49,56,新型冠状病毒 2019-nCoV,易感人群: 暂时不明，病毒存在变异可能,潜伏期: 1~14 天均有，平均 10 天，潜伏期内存在传染性,,,,疑似病例数来自国家卫健委数据，目前为全国数据，未分省市自治区等,,1580051011661
5e2d92dcf58597d4d01ddd1d,野生动物，可能为中华菊头蝠,未完全掌握，存在人传人、医务人员感染、一定范围社区传播,https://img1.dxycdn.com/2020/0126/134/3393029508973266637-73.jpg,,"全国确诊2071例，疑似2692例
死亡56例，治愈49例",2071,2692,49,56,新型冠状病毒 2019-nCoV,易感人群: 暂时不明，病毒存在变异可能,潜伏期: 1~14 天均有，平均 10 天，潜伏期内存在传染性,,,,疑似病例数来自国家卫健委数据，目前为全国数据，未分省市自治区等,,1580045020048
5e2d8acaf58597d4d01ddd1b,野生动物，可能为中华菊头蝠,未完全掌握，存在人传人、医务人员感染、一定范围社区传播,https://img1.dxycdn.com/2020/0126/134/3393029508973266637-73.jpg,,"全国确诊2066例，疑似2692例
死亡56例，治愈49例",2066,2692,49,56,新型冠状病毒 2019-nCoV,易感人群: 暂时不明，病毒存在变异可能,潜伏期: 1~14 天均有，平均 10 天，潜伏期内存在传染性,,,,疑似病例数来自国家卫健委数据，目前为全国数据，未分省市自治区等,,1580042954249
5e2d7eb2f58597d4d01ddd14,野生动物，可能为中华菊头蝠,未完全掌握，存在人传人、医务人员感染、一定范围社区传播,https://img1.dxycdn.com/2020/0126/134/3393029508973266637-73.jpg,,"全国确诊2065例，疑似2692例
死亡56例，治愈49例",2065,2692,49,56,新型冠状病毒 2019-nCoV,易感人群: 暂时不明，病毒存在变异可能,潜伏期: 1~14 天均有，平均 10 天，潜伏期内存在传染性,,,,疑似病例数来自国家卫健委数据，目前为全国数据，未分省市自治区等,,1580039858451
5e2d7e39f58597d4d01ddd12,野生动物，可能为中华菊头蝠,未完全掌握，存在人传人、医务人员感染、一定范围社区传播,https://img1.dxycdn.com/2020/0126/134/3393029508973266637-73.jpg,,"全国确诊2064例，疑似2692例
死亡56例，治愈49例",2064,2692,49,56,新型冠状病毒 2019-nCoV,易感人群: 暂时不明，病毒存在变异可能,潜伏期: 1~14 天均有，平均 10 天，潜伏期内存在传染性,,,,疑似病例数来自国家卫健委数据，目前为全国数据，未分省市自治区等,,1580039736932
5e2d793ef58597d4d01ddd0d,野生动物，可能为中华菊头蝠,未完全掌握，存在人传人、医务人员感染、一定范围社区传播,https://img1.dxycdn.com/2020/0126/134/3393029508973266637-73.jpg,,"全国确诊2055例，疑似2692例
死亡56例，治愈49例",2055,2692,49,56,新型冠状病毒 2019-nCoV,易感人群: 暂时不明，病毒存在变异可能,潜伏期: 1~14 天均有，平均 10 天，潜伏期内存在传染性,,,,疑似病例数来自国家卫健委数据，目前为全国数据，未分省市自治区等,,1580038462249
5e2d6998f58597d4d01ddd06,野生动物，可能为中华菊头蝠,未完全掌握，存在人传人、医务人员感染、一定范围社区传播,https://img1.dxycdn.com/2020/0126/134/3393029508973266637-73.jpg,,"全国确诊2049例，疑似2684例
死亡56例，治愈49例",2049,2684,49,56,新型冠状病毒 2019-nCoV,易感人群: 暂时不明，病毒存在变异可能,潜伏期: 1~14 天均有，平均 10 天，潜伏期内存在传染性,,,,疑似病例数来自国家卫健委数据，目前为全国数据，未分省市自治区等,,1580034456027
5e2d62f3f58597d4d01ddcfb,野生动物，可能为中华菊头蝠,未完全掌握，存在人传人、医务人员感染、一定范围社区传播,https://img1.dxycdn.com/2020/0126/134/3393029508973266637-73.jpg,,"全国确诊2036例，疑似2684例
死亡56例，治愈49例",2036,2684,49,56,新型冠状病毒 2019-nCoV,易感人群: 暂时不明，病毒存在变异可能,潜伏期: 1~14 天均有，平均 10 天，潜伏期内存在传染性,,,,疑似病例数来自国家卫健委数据，目前为全国数据，未分省市自治区等,,1580032755220
5e2d56a1f58597d4d01ddcf9,野生动物，可能为中华菊头蝠,未完全掌握，存在人传人、医务人员感染、一定范围社区传播,https://img1.dxycdn.com/2020/0126/134/3393029508973266637-73.jpg,,"全国确诊2033例，疑似2684例
死亡56例，治愈49例",2033,2684,49,56,新型冠状病毒 2019-nCoV,易感人群: 暂时不明，病毒存在变异可能,潜伏期: 1~14 天均有，平均 10 天，潜伏期内存在传染性,,,,疑似病例数来自国家卫健委数据，目前为全国数据，未分省市自治区等,,1580029601252
5e2d55ebf58597d4d01ddcf8,野生动物，可能为中华菊头蝠,未完全掌握，存在人传人、医务人员感染、一定范围社区传播,https://img1.dxycdn.com/2020/0126/134/3393029508973266637-73.jpg,,"全国确诊2033例，疑似2684例
死亡56例，治愈49例",2033,2684,49,56,新型冠状病毒 2019-nCoV,易感人群:暂时不明，病毒存在变异可能,潜伏期:1~14 天均有，平均 10 天，潜伏期内存在传染性,,,,疑似病例数来自国家卫健委数据，目前为全国数据，未分省市自治区等,,1580029419292
5e2d5299f58597d4d01ddcf4,野生动物，可能为中华菊头蝠,未完全掌握，存在人传人、医务人员感染、一定范围社区传播,https://img1.dxycdn.com/2020/0126/134/3393029508973266637-73.jpg,,"全国确诊2033例，疑似2684例
死亡56例，治愈49例",2033,2684,49,56,新型冠状病毒 2019-nCoV,易感人群：暂时不明，病毒存在变异可能,潜伏期：1~14 天均有，平均 10 天，潜伏期内存在传染性,,,,疑似病例数来自国家卫健委数据，目前为全国数据，未分省市自治区等,,1580028569687
5e2d51a7f58597d4d01ddcf1,野生动物，可能为中华菊头蝠,未完全掌握，存在人传人、医务人员感染、一定范围社区传播,https://img1.dxycdn.com/2020/0126/134/3393029508973266637-73.jpg,,"全国确诊2031例，疑似2684例
死亡56例，治愈49例",2031,2684,49,56,新型冠状病毒 2019-nCoV,易感人群：暂时不明，病毒存在变异可能,潜伏期：1~14 天均有，平均 10 天，潜伏期内存在传染性,,,,疑似病例数来自国家卫健委数据，目前为全国数据，未分省市自治区等,,1580028326835
5e2d4c6ff58597d4d01ddcf0,野生动物，可能为中华菊头蝠,未完全掌握，存在人传人、医务人员感染、一定范围社区传播,https://img1.dxycdn.com/2020/0126/134/3393029508973266637-73.jpg,,"全国确诊2029例，疑似2684例
死亡56例，治愈49例",2029,2684,49,56,新型冠状病毒 2019-nCoV,易感人群：暂时不明，病毒存在变异可能,潜伏期：1~14 天均有，平均 10 天，潜伏期内存在传染性,,,,疑似病例数来自国家卫健委数据，目前为全国数据，未分省市自治区等,,1580026991468
5e2d3392f58597d4d01ddce7,野生动物，可能为中华菊头蝠,未完全掌握，存在人传人、医务人员感染、一定范围社区传播,https://img1.dxycdn.com/2020/0126/134/3393029508973266637-73.jpg,,"全国确诊2029例，疑似2684例
死亡56例，治愈49例",2029,2684,49,56,新型冠状病毒 2019-nCoV,病毒是否变异：存在可能,疫情是否扩散：是,,,,疑似病例数来自国家卫健委数据，目前为全国数据，未分省市自治区等,,1580020626102
5e2d28acf58597d4d01ddcdc,野生动物，可能为中华菊头蝠,未完全掌握，存在人传人、医务人员感染、一定范围社区传播,https://img1.dxycdn.com/2020/0126/134/3393029508973266637-73.jpg,,"全国确诊2018例，疑似2684例
死亡56例，治愈49例",2018,2684,49,56,新型冠状病毒 2019-nCoV,病毒是否变异：存在可能,疫情是否扩散：是,,,,疑似病例数来自国家卫健委数据，目前为全国数据，未分省市自治区等,,1580017835848
5e2d1ba4f58597d4d01ddcd0,野生动物，可能为中华菊头蝠,未完全掌握，存在人传人、医务人员感染、一定范围社区传播,https://img1.dxycdn.com/2020/0126/134/3393029508973266637-73.jpg,,"全国确诊2005例，疑似2684例
死亡56例，治愈49例",2005,2684,49,56,新型冠状病毒 2019-nCoV,病毒是否变异：存在可能,疫情是否扩散：是,,,,疑似病例数来自国家卫健委数据，目前为全国数据，未分省市自治区等,,1580014500097
5e2d1a75f58597d4d01ddccb,野生动物，可能为中华菊头蝠,未完全掌握，存在人传人、医务人员感染、一定范围社区传播,https://img1.dxycdn.com/2020/0126/134/3393029508973266637-73.jpg,,"全国确诊2002例，疑似2684例
死亡56例，治愈49例",2002,2684,49,56,新型冠状病毒 2019-nCoV,病毒是否变异：存在可能,疫情是否扩散：是,,,,疑似病例数来自国家卫健委数据，目前为全国数据，未分省市自治区等,,1580014197080
5e2d157cf58597d4d01ddcc7,野生动物，可能为中华菊头蝠,未完全掌握，存在人传人、医务人员感染、一定范围社区传播,https://img1.dxycdn.com/2020/0126/134/3393029508973266637-73.jpg,,"全国确诊1999例，疑似2684例
死亡56例，治愈49例",1999,2684,49,56,新型冠状病毒 2019-nCoV,病毒是否变异：存在可能,疫情是否扩散：是,,,,疑似病例数来自国家卫健委数据，目前为全国数据，未分省市自治区等,,1580012924325
5e2d13d4f58597d4d01ddcc6,野生动物，可能为中华菊头蝠,未完全掌握，存在人传人、医务人员感染、一定范围社区传播,https://img1.dxycdn.com/2020/0126/134/3393029508973266637-73.jpg,,"全国确诊1992例，疑似2684例
死亡56例，治愈49例",1992,2684,49,56,新型冠状病毒 2019-nCoV,病毒是否变异：存在可能,疫情是否扩散：是,,,,疑似病例数来自国家卫健委数据，目前为全国数据，未分省市自治区等,,1580012500449
5e2d05dbf58597d4d01ddcb9,野生动物，可能为某种菊头蝠,未完全掌握，存在人传人、医务人员感染、一定范围社区传播,https://img1.dxycdn.com/2020/0126/134/3393029508973266637-73.jpg,,"全国确诊1992例，疑似2684例
死亡56例，治愈49例",1992,2684,49,56,新型冠状病毒 2019-nCoV,病毒是否变异：存在可能,疫情是否扩散：是,,,,疑似病例数来自国家卫健委数据，目前为全国数据，未分省市自治区等,,1580008921594
5e2d02acf58597d4d01ddcb6,野生动物，可能为某种菊头蝠,未完全掌握，存在人传人、医务人员感染、一定范围社区传播,https://img1.dxycdn.com/2020/0126/134/3393029508973266637-73.jpg,,"全国确诊1992例，疑似2684例
死亡55例，治愈49例",1992,2684,49,55,新型冠状病毒 2019-nCoV,病毒是否变异：存在可能,疫情是否扩散：是,,,,疑似病例数来自国家卫健委数据，目前为全国数据，未分省市自治区等,,1580008107960
5e2cece7f58597d4d01ddc84,野生动物，可能为某种菊头蝠,未完全掌握，存在人传人、医务人员感染、一定范围社区传播,https://img1.dxycdn.com/2020/0126/134/3393029508973266637-73.jpg,,"全国确诊1975例，疑似2684例
死亡56例，治愈49例",1975,2684,49,56,新型冠状病毒 2019-nCoV,病毒是否变异：存在可能,疫情是否扩散：是,,,,疑似病例数来自国家卫健委数据，目前为全国数据，未分省市自治区等,,1580002535381
5e2ce557f58597d4d01ddc78,野生动物，可能为某种菊头蝠,未完全掌握，存在人传人、医务人员感染、一定范围社区传播,https://img1.dxycdn.com/2020/0125/592/3392846534776649535-73.jpg,,"全国确诊1975例，疑似2684例
死亡56例，治愈49例",1975,2684,49,56,新型冠状病毒 2019-nCoV,病毒是否变异：存在可能,疫情是否扩散：是,,,,疑似病例数来自国家卫健委数据，目前为全国数据，未分省市自治区等,,1580000599841
5e2cdaf0f58597d4d01ddc3f,野生动物，可能为某种菊头蝠,未完全掌握，存在人传人、医务人员感染、一定范围社区传播,https://img1.dxycdn.com/2020/0125/592/3392846534776649535-73.jpg,,"全国确诊1742例，疑似2032例
死亡54例，治愈49例",1742,2032,49,54,新型冠状病毒 2019-nCoV,病毒是否变异：存在可能,疫情是否扩散：是,,,,疑似病例数来自国家卫健委数据，目前为全国数据，未分省市自治区等,,1579997936733
5e2c6df4f58597d4d01ddc34,野生动物，可能为某种菊头蝠,未完全掌握，存在人传人、医务人员感染、一定范围社区传播,https://img1.dxycdn.com/2020/0125/592/3392846534776649535-73.jpg,,"全国确诊1409例，疑似2032例
死亡42例，治愈39例",1409,2032,39,42,新型冠状病毒 2019-nCoV,病毒是否变异：存在可能,疫情是否扩散：是,,,,疑似病例数来自国家卫健委数据，目前为全国数据，未分省市自治区等,,1579970035963
5e2c64bbf58597d4d01ddc2d,野生动物，可能为某种菊头蝠,未完全掌握，存在人传人、医务人员感染、一定范围社区传播,https://img1.dxycdn.com/2020/0125/592/3392846534776649535-73.jpg,,"全国确诊1408例，疑似2032例
死亡42例，治愈39例",1408,2032,39,42,新型冠状病毒 2019-nCoV,病毒是否变异：存在可能,疫情是否扩散：是,,,,疑似病例数来自国家卫健委数据，目前为全国数据，未分省市自治区等,,1579967675140
5e2c56a1f58597d4d01ddc27,野生动物，可能为某种菊头蝠,未完全掌握，存在人传人、医务人员感染、一定范围社区传播,https://img1.dxycdn.com/2020/0125/592/3392846534776649535-73.jpg,,"全国确诊1377例，疑似1983例
死亡41例，治愈39例",1377,1983,39,41,新型冠状病毒 2019-nCoV,病毒是否变异：存在可能,疫情是否扩散：是,,,,疑似病例数来自国家卫健委数据，目前为全国数据，未分省市自治区等,,1579964065563
5e2c4d61f58597d4d01ddc26,野生动物，可能为中国马蹄蝠,未完全掌握，存在人传人、医务人员感染、一定范围社区传播,https://img1.dxycdn.com/2020/0125/592/3392846534776649535-73.jpg,,"全国确诊1377例，疑似1983例
死亡41例，治愈39例",1377,1983,39,41,新型冠状病毒 2019-nCoV,病毒是否变异：存在可能,疫情是否扩散：是,,,,疑似病例数来自国家卫健委数据，目前为全国数据，未分省市自治区等,,1579961697487
5e2c3c4ef58597d4d01ddc1e,野生动物，可能为中国马蹄蝠,未完全掌握，存在人传人、医务人员感染、一定范围社区传播,https://img1.dxycdn.com/2020/0125/592/3392846534776649535-73.jpg,,"全国确诊1372例，疑似1983例
死亡41例，治愈39例",1372,1983,39,41,新型冠状病毒 2019-nCoV,病毒是否变异：存在可能,疫情是否扩散：是,,,,疑似病例数来自国家卫健委数据，目前为全国数据，未分省市自治区等,,1579957326080
5e2c3191f58597d4d01ddc1b,野生动物，中国马蹄蝠,未完全掌握，存在人传人、医务人员感染、一定范围社区传播,https://img1.dxycdn.com/2020/0125/592/3392846534776649535-73.jpg,,"全国确诊1372例，疑似1983例
死亡41例，治愈39例",1372,1983,39,41,新型冠状病毒 2019-nCoV,病毒是否变异：存在可能,疫情是否扩散：是,,,,疑似病例数来自国家卫健委数据，目前为全国数据，未分省市自治区等,,1579954576954
5e2c2ef5f58597d4d01ddc14,野生动物，中国马蹄蝠,未完全掌握，存在人传人、医务人员感染、一定范围社区传播,https://img1.dxycdn.com/2020/0125/592/3392846534776649535-73.jpg,,"全国确诊1372例，疑似1983例
死亡41例，治愈40例",1372,1983,40,41,新型冠状病毒 2019-nCoV,病毒是否变异：存在可能,疫情是否扩散：是,,,,疑似病例数来自国家卫健委数据，目前为全国数据，未分省市自治区等,,1579953909918
5e2c2725f58597d4d01ddc0c,野生动物，中国马蹄蝠,未完全掌握，存在人传人、医务人员感染、一定范围社区传播,https://img1.dxycdn.com/2020/0125/592/3392846534776649535-73.jpg,,"全国确诊1369例，疑似1983例
死亡41例，治愈40例",1369,1983,40,41,新型冠状病毒 2019-nCoV,病毒是否变异：存在可能,疫情是否扩散：是,,,,疑似病例数来自国家卫健委数据，目前为全国数据，未分省市自治区等,,1579951909637
5e2c2540f58597d4d01ddc0b,野生动物,未完全掌握，存在人传人、医务人员感染、一定范围社区传播,https://img1.dxycdn.com/2020/0125/592/3392846534776649535-73.jpg,,"全国确诊1369例，疑似1983例
死亡41例，治愈40例",1369,1983,40,41,新型冠状病毒 2019-nCoV,病毒是否变异：存在可能,疫情是否扩散：是,,,,疑似病例数来自国家卫健委数据，目前为全国数据，未分省市自治区等,,1579951424683
5e2c20fcf58597d4d01ddbff,野生动物，可能中国马蹄蝠,未完全掌握，存在人传人、医务人员感染、一定范围社区传播,https://img1.dxycdn.com/2020/0125/592/3392846534776649535-73.jpg,,"全国确诊1369例，疑似1983例
死亡41例，治愈40例",1369,1983,40,41,新型冠状病毒 2019-nCoV,病毒是否变异：存在可能,疫情是否扩散：是,,,,疑似病例数来自国家卫健委数据，目前为全国数据，未分省市自治区等,,1579950332870
5e2c1f17f58597d4d01ddbfd,野生动物，可能中国马蹄蝠,未完全掌握，存在人传人、医务人员感染、一定范围社区传播,https://img1.dxycdn.com/2020/0125/592/3392846534776649535-73.jpg,,"全国确诊1356例，疑似1983例
死亡41例，治愈40例",1356,1983,40,41,新型冠状病毒 2019-nCoV,病毒是否变异：存在可能,疫情是否扩散：是,,,,疑似病例数来自国家卫健委数据，目前为全国数据，未分省市自治区等,,1579949847411
5e2c14e7f58597d4d01ddbf9,野生动物，可能中国马蹄蝠,未完全掌握，存在人传人、医务人员感染、一定范围社区传播,https://img1.dxycdn.com/2020/0125/592/3392846534776649535-73.jpg,,"全国确诊1356例，疑似1983例
治愈40例，死亡41例",1356,1983,40,41,新型冠状病毒 2019-nCoV,病毒是否变异：存在可能,疫情是否扩散：是,,,,疑似病例数来自国家卫健委数据，目前为全国数据，未分省市自治区等,,1579947239067
5e2c0ef9f58597d4d01ddbf3,野生动物，可能中国马蹄蝠,未完全掌握，存在人传人、医务人员感染、一定范围社区传播,https://img1.dxycdn.com/2020/0125/592/3392846534776649535-73.jpg,,"全国确诊1356例，疑似1983例
治愈38例，死亡41例",1356,1983,38,41,新型冠状病毒 2019-nCoV,病毒是否变异：存在可能,疫情是否扩散：是,,,,疑似病例数来自国家卫健委数据，目前为全国数据，未分省市自治区等,,1579945721638
5e2c0b6cf58597d4d01ddbef,野生动物，可能中国马蹄蝠,未完全掌握，存在人传人、医务人员感染、一定范围社区传播,https://img1.dxycdn.com/2020/0125/592/3392846534776649535-73.jpg,,"全国确诊1355例，疑似1983例
治愈38例，死亡41例",1355,1983,38,41,新型冠状病毒 2019-nCoV,病毒是否变异：存在可能,疫情是否扩散：是,,,,疑似病例数来自国家卫健委数据，目前为全国数据，未分省市自治区等,,1579944811991
5e2c022ff58597d4d01ddbee,野生动物，可能中国马蹄蝠,未完全掌握，存在人传人、医务人员感染、一定范围社区传播,https://img1.dxycdn.com/2020/0125/592/3392846534776649535-73.jpg,,全国确诊1355例，疑似1983例，治愈38例，死亡41例,1355,1983,38,41,新型冠状病毒 2019-nCoV,病毒是否变异：存在可能,疫情是否扩散：是,,,,疑似病例数来自国家卫健委数据，目前为全国数据，未分省市自治区等,,1579942447712
5e2bf8f1f58597d4d01ddbe7,野生动物，可能中华菊头蝠,未完全掌握，存在人传人、医务人员感染、一定范围社区传播,https://img1.dxycdn.com/2020/0125/592/3392846534776649535-73.jpg,,全国确诊1355例，疑似1983例，治愈38例，死亡41例,1355,1983,38,41,新型冠状病毒 2019-nCoV,病毒是否变异：存在可能,疫情是否扩散：是,,,,疑似病例数来自国家卫健委数据，目前为全国数据，未分省市自治区等,,1579940081100
5e2becdaf58597d4d01ddbd8,野生动物，可能中华菊头蝠,未完全掌握，存在人传人、医务人员感染、一定范围社区传播,https://img1.dxycdn.com/2020/0125/592/3392846534776649535-73.jpg,,全国确诊1337例，疑似1965例，治愈38例，死亡41例,1337,1965,38,41,新型冠状病毒 2019-nCoV,病毒是否变异：存在可能,疫情是否扩散：是,,,,疑似病例数来自国家卫健委数据，目前为全国数据，未分省市自治区等,,1579936986049
5e2be9c6f58597d4d01ddbd6,野生动物，可能中华菊头蝠,未完全掌握，存在人传人、医务人员感染、一定范围社区传播,https://img1.dxycdn.com/2020/0125/592/3392846534776649535-73.jpg,,全国确诊1336例，疑似1965例，治愈38例，死亡41例,1336,1965,38,41,新型冠状病毒 2019-nCoV,病毒是否变异：存在可能,疫情是否扩散：是,,,,疑似病例数来自国家卫健委数据，目前为全国数据，未分省市自治区等,,1579936197919
5e2bc41ff58597d4d01ddbba,野生动物，可能中华菊头蝠,未完全掌握，存在人传人、医务人员感染、一定范围社区传播,https://img1.dxycdn.com/2020/0125/592/3392846534776649535-73.jpg,,全国确诊1330例，疑似1965例，治愈38例，死亡41例,1330,1965,38,41,新型冠状病毒 2019-nCoV,病毒是否变异：存在可能,疫情是否扩散：是,,,,疑似病例数来自国家卫健委数据，目前为全国数据，未分省市自治区等,,1579926559221
5e2ba7f3f58597d4d01ddb8b,野生动物，可能中华菊头蝠,未完全掌握，存在人传人、医务人员感染、一定范围社区传播,https://img1.dxycdn.com/2020/0125/592/3392846534776649535-73.jpg,,全国确诊1303例，疑似1965例，治愈38例，死亡41例,1303,1965,38,41,新型冠状病毒 2019-nCoV,病毒是否变异：存在可能,疫情是否扩散：是,,,,疑似病例数来自国家卫健委数据，目前为全国数据，未分省市自治区等,,1579919346950
5e2ba595f58597d4d01ddb8a,野生动物，可能中华菊头蝠,未完全掌握，存在人传人、医务人员感染、一定范围社区传播,https://img1.dxycdn.com/2020/0125/592/3392846534776649535-73.jpg,,全国确诊1303例，疑似1965例，治愈38例，死亡41,1303,1965,38,0,新型冠状病毒 2019-nCoV,病毒是否变异：存在可能,疫情是否扩散：是,,,,疑似病例数来自国家卫健委数据，目前为全国数据，未分省市自治区等,,1579918741729
5e2ba024f58597d4d01ddb85,野生动物，可能中华菊头蝠,未完全掌握，存在人传人、医务人员感染、一定范围社区传播,https://img1.dxycdn.com/2020/0125/592/3392846534776649535-73.jpg,,全国确诊1303例，疑似1965例，治愈38例，死亡41例（其中确诊病例含未明确地区169例）,1303,1965,38,41,新型冠状病毒 2019-nCoV,病毒是否变异：存在可能,疫情是否扩散：是,,,,疑似病例数来自国家卫健委数据，目前为全国数据，未分省市自治区等,,1579917348599
5e2b8a30f58597d4d01ddb62,野生动物，可能中华菊头蝠,未完全掌握，存在人传人、医务人员感染、一定范围社区传播,https://img1.dxycdn.com/2020/0124/981/3392719124572016783-73.jpg,,全国确诊1287例，疑似1965例，治愈38例，死亡41例（其中确诊病例含未明确地区169例）,1287,1965,38,41,新型冠状病毒 2019-nCoV,病毒是否变异：存在可能,疫情是否扩散：是,,,,疑似病例数来自国家卫健委数据，目前为全国数据，未分省市自治区等,,1579911728357
5e2b89b7f58597d4d01ddb60,野生动物，可能中华菊头蝠,未完全掌握，存在人传人、医务人员感染、一定范围社区传播,https://img1.dxycdn.com/2020/0124/981/3392719124572016783-73.jpg,,全国确诊1287例，疑似1965例，治愈38例，死亡41例,1287,1965,38,41,新型冠状病毒 2019-nCoV,病毒是否变异：存在可能,疫情是否扩散：是,,,,疑似病例数来自国家卫健委数据，目前为全国数据，未分省市自治区等,,1579911607431
5e2b830ef58597d4d01ddb56,野生动物，可能中华菊头蝠,未完全掌握，存在人传人、医务人员感染、一定范围社区传播,https://img1.dxycdn.com/2020/0124/981/3392719124572016783-73.jpg,,全国确诊1118例，疑似1076例，治愈37例，死亡41例,1118,1076,37,41,新型冠状病毒 2019-nCoV,病毒是否变异：存在可能,疫情是否扩散：是,,,,疑似病例数来自国家卫健委数据，目前为全国数据，未分省市自治区等,,1579909901959
5e2b2c39f58597d4d01ddb4b,野生动物，可能中华菊头蝠,未完全掌握，存在人传人、医务人员感染、一定范围社区传播,https://img1.dxycdn.com/2020/0124/981/3392719124572016783-73.jpg,,全国确诊923例，疑似1076例，治愈36例，死亡26例,923,1076,36,26,新型冠状病毒 2019-nCoV,病毒是否变异：存在可能,疫情是否扩散：是,,,,疑似病例数来自国家卫健委数据，目前为全国数据，未分省市自治区等,,1579887672983
5e2b2a54f58597d4d01ddb44,野生动物，可能中华菊头蝠,未完全掌握，存在人传人、医务人员感染、一定范围社区传播,https://img1.dxycdn.com/2020/0124/981/3392719124572016783-73.jpg,,全国确诊912例，疑似1076例，治愈36例，死亡26例,912,1076,36,26,新型冠状病毒 2019-nCoV,病毒是否变异：存在可能,疫情是否扩散：是,,,,疑似病例数来自国家卫健委数据，目前为全国数据，未分省市自治区等,,1579887188457
5e2b1584f58597d4d01ddb3d,野生动物，可能中华菊头蝠,未完全掌握，存在人传人、医务人员感染、一定范围社区传播,https://img1.dxycdn.com/2020/0124/981/3392719124572016783-73.jpg,,全国确诊902例，疑似1076例，治愈36例，死亡26例,902,1076,36,26,新型冠状病毒 2019-nCoV,病毒是否变异：存在可能,疫情是否扩散：是,,,,疑似病例数来自国家卫健委数据，目前为全国数据，未分省市自治区等,,1579881860183
5e2b1326f58597d4d01ddb39,野生动物，可能中华菊头蝠,未完全掌握，存在人传人、医务人员感染、一定范围社区传播,https://img1.dxycdn.com/2020/0124/981/3392719124572016783-73.jpg,,全国确诊897例，疑似1076例，治愈36例，死亡26例,897,1076,36,26,新型冠状病毒 2019-nCoV,病毒是否变异：存在可能,疫情是否扩散：是,,,,疑似病例数来自国家卫健委数据，目前为全国数据，未分省市自治区等,,1579881254308
5e2af82bf58597d4d01ddb24,野生动物，可能中华菊头蝠,未完全掌握，存在人传人、医务人员感染、一定范围社区传播,https://img1.dxycdn.com/2020/0124/981/3392719124572016783-73.jpg,,全国确诊897例，疑似1076例，治愈36例，死亡26例,897,1076,36,26,新型冠状病毒 2019-nCoV,病毒是否变异：存在可能,疫情是否扩散：是,,,,,,1579874347508
5e2af36ef58597d4d01ddb20,野生动物，可能中华菊头蝠,未完全掌握，存在人传人、医务人员感染、一定范围社区传播,https://img1.dxycdn.com/2020/0124/981/3392719124572016783-73.jpg,,全国确诊896例，疑似1076例，治愈36例，死亡26例,896,1076,36,26,新型冠状病毒 2019-nCoV,病毒是否变异：存在可能,疫情是否扩散：是,,,,,,1579873134152
5e2ae6def58597d4d01ddb1c,野生动物，可能中华菊头蝠,未完全掌握，存在人传人、医务人员感染、一定范围社区传播,https://img1.dxycdn.com/2020/0124/981/3392719124572016783-73.jpg,,全国确诊894例，疑似1076例，治愈36例，死亡26例,894,1076,36,26,新型冠状病毒 2019-nCoV,病毒是否变异：存在可能,疫情是否扩散：是,,,,,,1579869917874
5e2ada10f58597d4d01ddb15,野生动物，可能中华菊头蝠,未完全掌握，存在人传人、医务人员感染、一定范围社区传播,https://img1.dxycdn.com/2020/0124/981/3392719124572016783-73.jpg,,全国确诊894例，疑似1076例，治愈35例，死亡26例,894,1076,35,26,新型冠状病毒 2019-nCoV,病毒是否变异：存在可能,疫情是否扩散：是,,,,,,1579866640114
5e2ad14bf58597d4d01ddb0a,野生动物，可能中华菊头蝠,未完全掌握，存在人传人、医务人员感染、一定范围社区传播,https://img1.dxycdn.com/2020/0124/981/3392719124572016783-73.jpg,1,全国确诊887例，疑似1076例，治愈35例，死亡26例,887,1076,35,26,新型冠状病毒 2019-nCoV,病毒是否变异：存在可能,疫情是否扩散：是,,,,,,1579864394844
5e2ac25ef58597d4d01ddb03,野生动物，可能中华菊头蝠,未完全掌握，存在人传人、医务人员感染、一定范围社区传播,https://img1.dxycdn.com/2020/0124/981/3392719124572016783-73.jpg,,全国确诊887例，疑似1076例，治愈35例，死亡26例,887,1076,35,26,新型冠状病毒 2019-nCoV,病毒是否变异：存在可能,疫情是否扩散：是,,,,,,1579860573823
5e2ab82ff58597d4d01ddaff,野生动物，可能中华菊头蝠,未完全掌握，存在人传人、医务人员感染、一定范围社区传播,https://img1.dxycdn.com/2020/0124/981/3392719124572016783-73.jpg,,全国确诊887例，疑似1075例，治愈35例，死亡26例,887,1075,35,26,新型冠状病毒 2019-nCoV,病毒是否变异：存在可能,疫情是否扩散：是,,,,,,1579857967369
5e2aaaf5ccc8f53b97a5ce55,野生动物，可能中华菊头蝠,未完全掌握，存在人传人、医务人员感染、一定范围社区传播,,,全国确诊887例，疑似1075例，治愈35例，死亡26例,887,1075,35,26,新型冠状病毒 2019-nCoV,病毒是否变异：存在可能,疫情是否扩散：是,,,,,,1579854581322
